INSERT INTO `company_section` (`id`, `name`) VALUES
  (1, 'AGRICULTURA, GANADERIA, CAZA, SILVICULTURA Y PESCA'),
  (2, 'EXPLOTACIÓN DE MINAS Y CANTERAS'),
  (3, 'INDUSTRIA MANUFACTURERA'),
  (4, 'SUMINISTRO DE ELECTRICIDAD, GAS, VAPOR Y AIRE ACONDICIONADO'),
  (5, 'SUMINISTRO DE AGUA; CLOACAS; GESTIÓN DE RESIDUOS Y RECUPERACIÓN DE MATERIALES Y SANEAMIENTO PUBLICO'),
  (6, 'CONSTRUCCIÓN'),
  (7, 'COMERCIO AL POR MAYOR Y AL POR MENOR; REPARACIÓN DE VEHÍCULOS AUTOMOTORES Y MOTOCICLETAS'),
  (8, 'SERVICIO DE TRANSPORTE Y ALMACENAMIENTO'),
  (9, 'SERVICIOS DE ALOJAMIENTO Y SERVICIOS DE COMIDA'),
  (10, 'INFORMACIÓN Y COMUNICACIONES'),
  (11, 'INTERMEDIACIÓN FINANCIERA Y SERVICIOS DE SEGUROS'),
  (12, 'SERVICIOS INMOBILIARIOS'),
  (13, 'SERVICIOS PROFESIONALES, CIENTÍFICOS Y TÉCNICOS'),
  (14, 'ACTIVIDADES ADMINISTRATIVAS Y SERVICIOS DE APOYO'),
  (15, 'ADMINISTRACION PUBLICA, DEFENSA Y SEGURIDAD SOCIAL OBLIGATORIA'),
  (16, 'ENSEÑANZA'),
  (17, 'SALUD HUMANA Y SERVICIOS SOCIALES'),
  (18, 'SERVICIOS ARTÍSTICOS, CULTURALES, DEPORTIVOS Y DE ESPARCIMIENTO'),
  (19, 'SERVICIOS DE ASOCIACIONES Y SERVICIOS PERSONALES'),
  (20, 'SERVICIOS DE HOGARES PRIVADOS QUE CONTRATAN SERVICIO DOMESTICO'),
  (21, 'SERVICIOS DE ORGANIZACIONES Y ÓRGANOS EXTRATERRITORIALES');


INSERT INTO `company_group` (`id`, `company_section_id`, `name`) VALUES
  (1, 1, '011 Cultivos temporales'),
  (2, 1, '012 Cultivos perennes'),
  (3, 1, '013 Producción de semillas y de otras formas de propagación de cultivos agrícolas'),
  (4, 1, '014 Cría de animales'),
  (5, 1, '016 Servicios de apoyos agrícolas y pecuarios'),
  (6, 1, '017 Caza, repoblación de animales de caza y servidos de apoyo'),
  (7, 1, '021 Silvicultura'),
  (8, 1, '022 Extracción de productos forestales'),
  (9, 1, '024 Servicios de apoyo a la silvicultura'),
  (10, 1, '031 Pesca y servicios de apoyo'),
  (11, 1, '032 Explotación de criaderos de peces, granjas piscícolas y otros frutos acuáticos (acuicultura)'),
  (12, 2, '051 Extracción y aglomeración de carbón'),
  (13, 2, '052 Extracción y aglomeración de lignito'),
  (14, 2, '061 Extracción de petróleo crudo'),
  (15, 2, '062 Extracción de gas natural'),
  (16, 2, '071 Extracción de minerales de hierro'),
  (17, 2, '072 Extracción de minerales metalíferos no ferrosos'),
  (18, 2, '081 Ex tracción de piedra, arena y arcillas'),
  (19, 2, '089 Explotación de minas y canteras n.c.p.'),
  (20, 2, '091 Servidos de apoyo para la extracción de petróleo y gas natural'),
  (21, 2, '099 Servicios de apoyo para la minería, excepto para la extracción de petróleo y gas natural'),
  (22, 3, '101 Producción y procesamiento de carne y productos cárnicos, excepto pescado'),
  (23, 3, '102 Elaboración de pescado y productos de pescada'),
  (24, 3, '103 Preparación de frutas, hortalizas y legumbres'),
  (25, 3, '104 Elaboración de aceites y grasas de origen vegetal'),
  (26, 3, '105 Elaboración de productos lácteos'),
  (27, 3, '106 Elaboración de productos de molinería, almidones y productos derivados del almidón'),
  (28, 3, '107 Elaboración de productos alimenticios n.c.p.'),
  (29, 3, '108 Elaboración de alimentos preparadas para animales'),
  (30, 3, '109 Servicios industriales para la elaboración de alimentos y bebidas'),
  (31, 3, '110 Elaboración de bebidas'),
  (32, 3, '120 Elaboración de productos de tabaco'),
  (33, 3, '131 Fabricación de hilados y tejidos, acabado de productos textiles'),
  (34, 3, '139 Fabricación de productos textiles n.c.p.'),
  (35, 3, '141 Confección de prendas de vestir, excepto prendas de piel'),
  (36, 3, '142 Terminación y teñido de pieles; fabricación de artículos de piel'),
  (37, 3, '143 Fabricación de prendas de vestir de punto'),
  (38, 3, '149 Servicios industriales para la industria confeccionista'),
  (39, 3, '151 Curtido y terminación de cueros; fabricación de artículos de marroquinería y talabartería'),
  (40, 3, '152 Fabricación de calzado y de sus partes'),
  (41, 3, '161 Aserrado y cepillado de madera'),
  (42, 3, '162 Fabricación de productos de madera, corcho, paja y materiales trenzables'),
  (43, 3, '170 Fabricación de papel y de productos de papel'),
  (44, 3, '181 Impresión y servicios relacionados con la impresión'),
  (45, 3, '182 Reproducción de grabaciones'),
  (46, 3, '191 Fabricación de productos de hornos de "coque"'),
  (47, 3, '192 Fabricación de productos de la refinación del petróleo'),
  (48, 3, '201 Fabricación de sustancias químicas básicas'),
  (49, 3, '202 Fabricación de productos químicos n.c.p.'),
  (50, 3, '203 Fabricación de fibras manufacturadas'),
  (51, 3, '204 Servicios industriales para la fabricación de sustancias y productos químicos'),
  (52, 3, '210 Fabricación de productos farmacéuticos, sustancias químicas medicinales y productos botánicos de uso farmacéutico'),
  (53, 3, 'medicamentos'),
  (54, 3, '221 Fabricación de productos de caucho'),
  (55, 3, '222 Fabricación de productos de plástico'),
  (56, 3, '231 Fabricación de vidrio y productos de vidrio'),
  (57, 3, '239 Fabricación de productos minerales no metálicos n.c.p.'),
  (58, 3, '279 Fabricación de equipo eléctrico n.c.p.'),
  (59, 3, '281 Fabricación de maquinaria y equipo de uso general'),
  (60, 3, '282 Fabricación de maquinaria y equipo de uso especial'),
  (61, 3, '291 Fabricación de vehículos automotores'),
  (62, 3, '292 Fabricación de carrocerías para vehículos automotores; fabricación de remolques y semirremolques'),
  (63, 3, '293 Fabricación de partes, piezas y accesorios para vehículos automotores y sus motores'),
  (64, 3, '301 Construcción y reparación de buques y embarcaciones'),
  (65, 3, '302 Fabricación y reparación de locomotoras y de material rodante para transporte ferroviario'),
  (66, 3, '303 Fabricación y reparación de aeronaves'),
  (67, 3, '309 Fabricación de equipo de transporte n.c.p.'),
  (68, 3, '310 Fabricación de muebles y colchones'),
  (69, 3, '321 Fabricación de joyas, "bijouterie" y artículos conexos'),
  (70, 3, '322 Fabricación de Instrumentos de música'),
  (71, 3, '323 Fabricación de artículos de deporte'),
  (72, 3, '324 Fabricación de juegos y juguetes'),
  (73, 3, '329 Industrias manufactureras n.c.p.'),
  (74, 3, '331 Reparación y mantenimiento de máquinas y equipo'),
  (75, 3, '332 Instalación de maquinaria y equipos industriales'),
  (76, 4, '351 Generación, transporte y distribución de energía eléctrica'),
  (77, 4, '352 Fabricación y distribución dagas y de combustibles gaseosos por tuberías'),
  (78, 4, '353 Suministro de vapor y aire acondicionado'),
  (79, 5, '360 Captación, depuración y distribución de agua'),
  (80, 5, '370 Servicios de depuración de aguas residuales, alcantarillado y cloacas'),
  (81, 5, '381 Recolección, transporte, tratamiento y disposición final de residuos'),
  (82, 5, '382 Recuperación de materiales y deshechos'),
  (83, 5, '390 Descontaminación y otros servicios de gestión de residuos'),
  (84, 6, '410 Construcción de edificios y sus partes'),
  (85, 6, '421 Construcción, reforma y reparación de obras de infraestructura para el transporte'),
  (86, 6, '422 Construcción de proyectos de servicios públicos'),
  (87, 6, '429 Obras de ingeniería civil n.c.p.'),
  (88, 6, '431 Demolición, movimiento y preparación de terrenos para obras'),
  (89, 6, '432 Instalaciones para edificios y obras de ingeniería civil'),
  (90, 6, '433 Terminación de edificios'),
  (91, 6, '439 Alquiler de equipo de construcción o demolición dotado de operarios y actividades especializadas de construcción n.c.p.'),
  (92, 7, '451 Venta de vehículos automotores, excepto motocicletas'),
  (93, 7, '452 Mantenimiento y reparación de vehículos automotores, excepto motocicletas'),
  (94, 7, '453 Venta de partes, piezas y accesorios de vehículos automotores'),
  (95, 7, '454 Venta, mantenimiento y reparación de motocicletas y de sus partes, piezas y accesorios'),
  (96, 7, '461 Venta al por mayor en comisión o consignación'),
  (97, 7, '462 Venta al por mayor de materias primas agropecuarias y de animales vivos'),
  (98, 7, '463 Venta al por mayor de alimentos, bebidas y tabaco'),
  (99, 7, '464 Venta al por mayor de artículos de uso doméstico y/o personal'),
  (100, 7, '465 Venta al por mayor de máquinas, equipo y materiales conexos'),
  (101, 7, '466 Venta al por mayor especializada'),
  (102, 7, '469 Venta al por mayor de mercancías n.c.p.'),
  (103, 7, '471 Venta al por menor en comercios no especializados'),
  (104, 7, '472 Venta al por menor de productos alimenticios, bebidas y tabaco en comercios especializados 472111 Venta al por menor de productos lácteos'),
  (105, 7, '473 Venta al por menor de combustible para vehículos automotores y motocicletas'),
  (106, 7, '474 Venta al por menor de equipos, periféricos, accesorios y programas informáticos; equipos de telecomunicaciones en comercios especializados'),
  (107, 7, '475 Venta al por menor de equipos de uso doméstico n.c.p. en comercios especializados'),
  (108, 7, '476 Venta al por menor de bienes culturales y recreativos en comercios especializados'),
  (109, 7, '477 Venta al por menor de productos n.c.p., en comercios especializados'),
  (110, 7, '478 Venta al por menor en puestos móviles y mercados'),
  (111, 7, '479 Venta al por menor no realizada en comercios, puestos o mercados 479101 Venta al por menor por "Internet"'),
  (112, 8, '491 Servicio de transporte ferroviario'),
  (113, 8, '492 Servicio de transporte automotor'),
  (114, 8, '493 Servicio de transporte por tuberías'),
  (115, 8, '501 Servicio de transporte marítimo'),
  (116, 8, '502 Servicio de transporte fluvial y lacustre'),
  (117, 8, '511 Servicio de transporte aéreo de pasajeros'),
  (118, 8, '512 Servicio de transporte aéreo de cargas'),
  (119, 8, '521 Servicios de manipulación de cargas'),
  (120, 8, '522 Servicios de almacenamiento y depósito'),
  (121, 8, '523 Servicios de gestión y logística para el transporte de mercaderías'),
  (122, 8, '524 Servicios complementarios para el transporte'),
  (123, 8, '530 Servicios de correos y mensajerías'),
  (124, 9, '551 Servicios de alojamiento, excepto en "camping"'),
  (125, 9, '552 Servicios de alojamiento en "camping"'),
  (126, 9, '561 Servicios de expendio de comidas y bebidas'),
  (127, 9, '562 Servicios de preparación de cernidas para empresas y servicios de comidas n.c.p.'),
  (128, 10, '581 Edición'),
  (129, 10, '591 Servicios de cinematografía'),
  (130, 10, '592 Servicios de grabación de sonido y edición de música'),
  (131, 10, '601 Emisión y retransmisión de radio'),
  (132, 10, '602 Servicios de televisión'),
  (133, 10, '611 Servicios de telefonía fija'),
  (134, 10, '612 Servicios de telefonía móvil'),
  (135, 10, '613 Servicios de telecomunicaciones vía satélite, excepto servicios de transmisión de televisión'),
  (136, 10, '614 Servicios de telecomunicación vía "Internet"'),
  (137, 10, '619 Servicios de telecomunicaciones n.c.p.'),
  (138, 10, '620 Servicios de programación y consultoría informática y actividades conexas'),
  (139, 10, '631 Procesamiento de datos, hospedaje y actividades conexas; portales "web"'),
  (140, 10, '639 Servicios de agendas de noticias y servicios de información n.c.p.'),
  (141, 11, '641 Intermediación monetaria'),
  (142, 11, '642 Servicios de sociedades de cartera'),
  (143, 11, '643 Fondos y sociedades de inversión y entidades financieras similares'),
  (144, 11, '649 Servicios financieros excepto los de la banca central y las entidades financieras'),
  (145, 11, '651 Servidos de seguros'),
  (146, 11, '652 Reaseguros'),
  (147, 11, '653 Administración de fondos de pensiones'),
  (148, 11, '661 Servicios auxiliares a la actividad financiera, excepto alas servicios de seguros'),
  (149, 11, '662 Servicios auxiliares a los servicios de seguros'),
  (150, 11, '663 Servicios de gestión de fondos a cambio de una retribución o por contrata'),
  (151, 12, '681 Servicios inmobiliarios realizados por cuenta propia, con bienes propios o arrendados'),
  (152, 12, '682 Servicios inmobiliarios realizados a cambio de una retribución o por contrata'),
  (153, 13, '691 Servicios Jurídicos'),
  (154, 13, '692 Servicios de contabilidad, auditoria y asesoría fiscal'),
  (155, 13, '702 Servicios de asesoramiento, dirección y gestión empresarial'),
  (156, 13, '711 Servicios de arquitectura e ingeniería y servicios técnicos n.c.p.'),
  (157, 13, '712 Ensayos y análisis técnicos'),
  (158, 13, '721 investigación y desarrollo experimental en el campo de la ingeniería y de las ciencias exactas y naturales'),
  (159, 13, '722 Investigación y desarrollo experimental en el campo de las ciencias sociales y las humanidades'),
  (160, 13, '731 Servicios de publicidad'),
  (161, 13, '732 Estudio de mercado, realización de encuestas de opinión pública'),
  (162, 13, '741 Servicios de diseño especializado'),
  (163, 13, '742 Servicios de fotografía'),
  (164, 13, '749 Actividades profesionales, científicas y técnicas n.c.p.'),
  (165, 13, '750 Servicios veterinarios'),
  (166, 14, '771 Alquiler de vehículos automotores y equipo de transporte sin conductor ni operarios'),
  (167, 14, '772 Alquiler de efectos personales y enseres domésticos'),
  (168, 14, '773 Alquiler de maquinaria y equipo n.c.p., sin personal'),
  (169, 14, '774 Arrendamiento y gestión de bienes intangibles no financieros'),
  (170, 14, '780 Obtención y dotación de personal'),
  (171, 14, '791 Servicios de agencias de viaje y otras actividades complementarlas de apoyo turístico'),
  (172, 14, '801 Servicios de seguridad e investigación'),
  (173, 14, '811 Servicio combinado de apoyo a edificios'),
  (174, 14, '812 Servicios de limpieza de edificios'),
  (175, 14, '813 Servicios de jardinería y mantenimiento de espacios verdes'),
  (176, 14, '821 Servicios de apoyo a la administración de oficinas y empresas'),
  (177, 14, '822 Servicios de "call center"'),
  (178, 14, '823 Servicios de organización de convenciones y exposiciones comerciales, excepto culturales y deportivos'),
  (179, 14, '829 Servicios empresariales n.c.p.'),
  (180, 15, '841 Servicios de la Administración Pública'),
  (181, 15, '842 Prestación pública de servicios a la comunidad en general'),
  (182, 15, '843 Servicios de la seguridad social obligatoria, excepto obras sociales'),
  (183, 16, '851 Enseñanza inicial y primaria'),
  (184, 16, '852 Enseñanza secundaria'),
  (185, 16, '853 Enseñanza superior y formación de postrado'),
  (186, 16, '854 Servicios de enseñanza n.c.p.'),
  (187, 16, '855 Servicios de apoyo a la educación'),
  (188, 17, '861 Servicios de hospitales'),
  (189, 17, '862 Servicios de atención ambulatoria realizados por médicos y odontólogos'),
  (190, 17, '863 Servicios de prácticas de diagnóstico y tratamiento; servicios integrados de consulta, diagnóstico y tratamiento'),
  (191, 17, '864 Servicios de emergencias y traslados'),
  (192, 17, '869 Servidos relacionados con Insolad humana n.c.p.'),
  (193, 17, '870 Servicios sociales con alojamiento'),
  (194, 17, '880 Servicios sociales sin alojamiento'),
  (195, 18, '900 Servicios artísticos y de espectáculos U'),
  (196, 18, '910 Servicios de bibliotecas, archivos y museos y servicios culturales n.c.p.'),
  (197, 18, '920 Servicios relacionados con juegos de azar y apuestas'),
  (198, 18, '931 Servicios para la práctica deportiva'),
  (199, 18, '939 Servicios de esparcimiento n.c.p.'),
  (200, 19, '941 Servicios de organizaciones empresariales, profesionales y de empleadores'),
  (201, 19, '942 Servicios de sindicatos'),
  (202, 19, '949 Servicios de asociaciones n.c.p.'),
  (203, 19, '951 Reparación y mantenimiento de equipos informáticos y equipos de comunicación'),
  (204, 19, '952 Reparación de efectos personales y enseres domésticos'),
  (205, 19, '960 Servicios personales n.c.p.'),
  (206, 20, '970 Servicios de hogares privados que contratan servicio doméstico'),
  (207, 21, '990 Servicios de organizaciones y órganos extraterritoriales');


INSERT INTO `company_activity` (`id`, `company_group_id`, `code`, `name`) VALUES
  (1, 1, '011111', ' Cultivo de arroz'),
  (2, 1, '011112', ' Cultivo de trigo'),
  (3, 1, '011119', ' Cultivo de cereales n.c.p., excepto los de uso forrajero (Incluye alforfón, cebada cervecera, etc.)'),
  (4, 1, '011121', ' Cultivo de maíz'),
  (5, 1, '011129', ' Cultivo de cereales de uso forrajero n.c.p.'),
  (6, 1, '011130', ' Cultivo de pastos de uso forrajero'),
  (7, 1, '011211', ' Cultivo de soja'),
  (8, 1, '011291', ' Cultivo de girasol'),
  (9, 1, '011299', ' Cultivo de oleaginosas n.c.p. excepto soja y girasol (Incluye los cultivos de oleaginosas para aceites comestibles y/o uso industrial: cártamo, colza, jojoba, lino oleaginoso, maní, ricino, sésamo, tung, etc.)'),
  (10, 1, '011310', ' Cultivo de papa, batata y mandioca'),
  (11, 1, '011321', ' Cultivo de tomate'),
  (12, 1, '011329', ' Cultivo de bulbos, brotes, raíces y hortalizas de fruto n.c.p. (Incluye ají, ajo, alcaparra, berenjena, cebolla, calabaza, espárrago, frutilla, melón, pepino, pimiento, sandía, zanahoria, zapallo, zapallito, etc.)'),
  (13, 1, '011331', ' Cultivo de hortalizas de hoja y de otras hortalizas frescas (Incluye acelga, apio, coles, espinaca, lechuga, perejil, radicheta, repollo, etc.)'),
  (14, 1, '011341', ' Cultivo de legumbres frescas (Incluye arveja, chaucha, haba, lupino, etc.)'),
  (15, 1, '011342', ' Cultivo de legumbres secas (Incluye garbanzo, lenteja, poroto, etc.)'),
  (16, 1, '011400', ' Cultivo de tabaco'),
  (17, 1, '011501', ' Cultivo de algodón'),
  (18, 1, '011509', ' Cultivo de plantas para la obtención de fibras n.c.p. (Incluye abacá, cáñamo, formio, lino textil, maíz de Guinea, ramio, yute, etc.)'),
  (19, 1, '011911', ' Cultivo de flores'),
  (20, 1, '011912', ' Cultivo de plantas ornamentales'),
  (21, 1, '011990', ' Cultivos temporales n.c.p.'),
  (22, 2, '012110', ' Cultivo de vid para vinificar'),
  (23, 2, '012121', ' Cultivo de uva de mesa'),
  (24, 2, '012200', ' Cultivo de frutas cítricas (Incluye bergamota, lima, limón, mandarina, naranja, pomelo, kinoto, etc.)'),
  (25, 2, '012311', ' Cultivo de manzana y pera'),
  (26, 2, '012319', ' Cultivo de frutas de pepita n.c.p. (Incluye membrillo, níspero, etc.)'),
  (27, 2, '012320', ' Cultivo de frutas de carozo (Incluye cereza, ciruela, damasco, durazno, pelón, etc.)'),
  (28, 2, '012410', ' Cultivo de frutas tropicales y subtropicales (Incluye banana, ananá, mamón, palta, etc.)'),
  (29, 2, '012420', ' Cultivo de frutas secas (Incluye almendra, avellana, castaña, nuez, pistacho, etc.)'),
  (30, 2, '012490', ' Cultivo de frutas n.c.p. (Incluye kiwi, arándanos, mora, grosella, etc.)'),
  (31, 2, '012510', ' Cultivo de caña de azúcar'),
  (32, 2, '012590', ' Cultivo de plantas sacaríferas n.c.p. (Incluye remolacha azucarera, etc.)'),
  (33, 2, '012600', ' Cultivo de frutos oleaginosos (Incluye el cultivo de olivo, coco, palma, etc.)'),
  (34, 2, '012701', ' Cultivo de yerba mate'),
  (35, 2, '012709', ' Cultivo de té y otras plantas cuyas hojas se utilizan para preparar infusiones'),
  (36, 2, '012800', ' Cultivo de especias y de plantas aromáticas y medicinales 012900 Cultivos perennes n.c.p.'),
  (37, 3, '013011', ' Producción de semillas híbridas de cereales y oleaginosas'),
  (38, 3, '013012', ' Producción de semillas varietales o autofecundadas de cereales, oleaginosas, y forrajeras'),
  (39, 3, '013013', ' Producción de semillas de hortalizas y legumbres, flores y plantas ornamentales y árboles frutales'),
  (40, 3, '013019', ' Producción de semillas de cultivos agrícolas n.c.p.'),
  (41, 3, '013020', ' Producción de otras formas de propagación de cultivos agrícolas (Incluye gajos, bulbos, estacas enraizadas o no, esquejes, plantines, etc.)'),
  (42, 4, '014113', ' Cría de ganado bovino, excepto la realizada en cabañas y para la producción de leche (Incluye: ganado bubalino)'),
  (43, 4, '014114', ' Invernada de ganado bovino excepto el engorde en corrales (Feed-Lot)'),
  (44, 4, '014115', ' Engorde en corrales (Feed-Lot)'),
  (45, 4, '014121', ' Cría de ganado bovino realizada en cabañas (Incluye: ganado bubalino y la producción de semen)'),
  (46, 4, '014211', ' Cría de ganado equino, excepto la realizada en haras (Incluye equinos de trabajo, asnos, mulas, burdéganos)'),
  (47, 4, '014221', ' Cría de ganado equino realizada en haras (Incluye la producción de semen)'),
  (48, 4, '014300', ' Cría de camélidos (Incluye alpaca, guanaco, llama, vicuña)'),
  (49, 4, '014410', ' Cría de ganado ovino -excepto en cabañas y para la producción de lana y leche-'),
  (50, 4, '014420', ' Cría de ganado ovino realizada en cabañas'),
  (51, 4, '014430', ' Cría de ganado caprino -excepto la realizada en cabañas y para producción de pelos y de leche-'),
  (52, 4, '014440', ' Cría de ganado caprino realizada en cabañas'),
  (53, 4, '014510', ' Cría de ganado porcino, excepto la realizada en cabañas'),
  (54, 4, '014520', ' Cría de ganado porcino realizado en cabañas'),
  (55, 4, '014610', ' Producción de leche bovina (Incluye la cría para la producción de leche de vaca y la producción de leche bubalina)'),
  (56, 4, '014620', ' Producción de leche de oveja y de cabra'),
  (57, 4, '014710', ' Producción de lana y pelo de oveja y cabra (cruda)'),
  (58, 4, '014720', ' Producción de pelos de ganado n.c.p.'),
  (59, 4, '014810', ' Cría de aves de corral, excepto para la producción de huevos'),
  (60, 4, '014820', ' Producción de huevos'),
  (61, 4, '014910', ' Apicultura (Incluye la producción de miel jalea real, polen, propóleo, etc.)'),
  (62, 4, '014920', ' Cunicultura'),
  (63, 4, '014930', ' Cría de animales pelíferos, pilíferos y plumíferos, excepto de las especies ganaderas (Incluye cría de visón, nutria, chinchilla, reptiles, etc.) 014990 Cría de animales y obtención de productos de origen animal, n.c.p. (Incluye ciervo, gato, gusano de s'),
  (64, 5, '016111', ' Servicios de labranza, siembra, transplante y cuidados culturales 016112 Servicios de pulverización, desinfección y fumigación terrestre 016113 Servicios de pulverización, desinfección y fumigación aérea'),
  (65, 5, '016119', ' Servicios de maquinaria agrícola n.c.p., excepto los de cosecha mecánica (Incluye clasificado y/o tamañado, rastrillado, roturación de terreno, etc.)'),
  (66, 5, '016120', ' Servicios de cosecha mecánica (Incluye la cosecha mecánica de granos, caña de azúcar, algodón, forrajes, el enfardado, enrollado, etc.)'),
  (67, 5, '016130', ' Servicios de contratistas de mano de obra agrícola (Incluye la poda de árboles, transplante, cosecha manual de citrus, algodón, etc.)'),
  (68, 5, '016140', ' Servicios de post cosecha (Incluye servicios de lavado de papas, acondicionamiento, limpieza, etc, de granos antes de ir a los mercados primarios) (Excluye los servicios de procesamiento de semillas para su siembra)'),
  (69, 5, '016150', ' Servicios de procesamiento de semillas para su siembra (Incluye la selección de semillas)'),
  (70, 5, '016190', ' Servicios de apoyo agrícolas n.c.p (Incluye explotación de sistemas de riego, injertos de plantas, construcción y plantación de almácigos, alquiler de colmenas, etc.) (No incluye mantenimiento de jardines, parques  y cementerios: actividad 813000; planif'),
  (71, 5, '016210', ' Inseminación artificial y servicios n.c.p. para mejorar la reproducción de los animales y el rendimiento de sus productos'),
  (72, 5, '016220', ' Servicios de contratistas de mano de obra pecuaria (Incluye aireo, castración de aves, pasturaje, etc.)'),
  (73, 5, '016230', ' Servicios de esquila de animales'),
  (74, 5, '016291', ' Servicios para el control de plagas, baños parasiticidas, etc.'),
  (75, 5, '016292', ' Albergue y cuidado de animales de terceros'),
  (76, 5, '016299', ' Servicios de apoyo pecuarios n.c.p.'),
  (77, 6, '017010', ' Caza y repoblación de animales de caza (Incluye la caza de animales para obtener carne, pieles y cueros y la captura de animales vivos para zoológicos, animales de compañía, para investigación, etc.)'),
  (78, 6, '017020', ' Servicios de apoyo para la caza'),
  (79, 7, '021010', ' Plantación de bosques'),
  (80, 7, '021020', ' Repoblación y conservación de bosques nativos y zonas forestadas'),
  (81, 7, '021030', ' Explotación de viveros forestales (Incluye propagación de especies forestales)'),
  (82, 8, '022010', ' Extracción de productos forestales de bosques cultivados (Incluye tala de árboles, desbaste de troncos y producción de madera en bruto, leña, postes)'),
  (83, 8, '022020', ' Extracción de productos forestales de bosques nativos (Incluye tala de árboles, desbaste de troncos y producción de madera en bruto, leña, postes, la extracción de rodrigones, varas, varillas y la recolección de gomas naturales, líquenes , musgos, resina'),
  (84, 9, '024010', ' Servicios forestales para la extracción de madera (Incluye tala de árboles, al...aneo y transpone anal interior del bosque, servicios realizados por terceros, etc.)'),
  (85, 9, '024020', ' Servicios forestales excepto los servicios para la extracción de madera (Incluye protección contra incendios, evaluación de masas forestales en pie, estimación del valor de la madera, etc.)'),
  (86, 10, '031110', ' Pesca da organismos marinos; excepto cuando es realizada en buques procesadores'),
  (87, 10, '031120', ' Pesca y elaboración de productos marinos realizada a bordo de buques procesadores'),
  (88, 10, '031130', ' Recolección de organismos marinos excepto peces, crustáceos y moluscos (Incluye la recolección de algas marinas)'),
  (89, 10, '031200', ' Pesca continental: fluvial y lacustre'),
  (90, 10, '031300', ' Servicios de apoyo para la pesca'),
  (91, 11, '032000', ' Explotación de criaderos de peces, granjas piscícolas y otros frutos acuáticos (acuicultura)'),
  (92, 12, '051000', ' Extracción y aglomeración de carbón (Incluye la producción de hulla no aglomerada, antracita, carbón bituminoso no aglomerado, ovoides y combustibles sólidos análogos a base de hulla, etc.)'),
  (93, 13, '052000', ' Extracción y aglomeración de lignito (Incluye la producción de lignito aglomerado y no aglomerado)'),
  (94, 14, '061000', ' Extracción de petróleo crudo (Incluye arenas alquitraníferas, esquistos bituminosos o lutitas, aceites de petróleo y de minerales bituminosos, petróleo, etc.)'),
  (95, 15, '062000', ' Extracción de gas natural (Incluye gas natural licuado y gaseoso)'),
  (96, 16, '071000', ' Extracción de minerales de hierro (Incluye hematitas, limonitas, magnetitas, siderita, etc.)'),
  (97, 17, '072100', ' Extracción de minerales y concentrados de uranio y torio'),
  (98, 17, '072910', ' Extracción de metales preciosos'),
  (99, 17, '072990', ' Extracción de minerales metalíferos no ferrosos n.c.p., excepto minerales de uranio y torio (Incluye aluminio, cobre, estaño, manganeso, níquel, plomo, volframio, antimonio, bismuto, cinc, molibdeno, titanio, circonio, niobio, tántalo, vanadio, cromo, co'),
  (100, 18, '081100', ' Extracción de rocas ornamentales (Incluye areniscas, cuarcita, dolomita, granito, mármol, piedra laja, pizarra, serpentina, etc.)'),
  (101, 18, '081200', ' Extracción de piedra caliza y yeso (Incluye caliza, castina, conchas, riolita, yeso natural, anhidrita, etc.)'),
  (102, 18, '081300', ' Extracción de arenas, canto rodado y triturados pétreos (Incluye arena para construcción, arena silícea, otras arenas naturales, canto rodado, dolomita triturada, salto triturado, piedra partida y otros triturados pétreos, etc.)'),
  (103, 18, '081400', ' Extracción de arcilla y caolín (Incluye andalucita, arcillas, bentonita, caolín, pirofilita, silimanita, mullita, tierra de chamota o de dinas, etc.)'),
  (104, 19, '089110', ' Extracción de minerales para la fabricación de abonos excepto turba (Incluye guano, silvita, silvinita y otras sales de potasio naturales, etc.)'),
  (105, 19, '089120', ' Extracción de minerales para la fabricación de productos químicos (Incluye azufre, boracita e hidroboracita, calcita, celestina, eoletnanita, fluorita, litio y sales de litio naturales, sulfato de aluminio, sulfato de hierro, sulfato de magnesio,sulfato '),
  (106, 19, '089200', ' Extracción y aglomeración de turba (Incluye la producción de turba utilizada como corrector desuelas) 089300 Extracción de sal'),
  (107, 19, '089900', ' Explotación de minas y canteras n.c.p. (Incluye amianto, cuarzo, diatomita, piedra pómez, ágata, agua marina, amatista, cristal de roca, rodocrosita, topacio, corindón,feldespato, mica, zeolita, perlita, granuladovolcánico, puzolana, toba, talco, vertnic'),
  (108, 20, '091000', ' Servicios de apoyo para la extracción de petróleo y gas natural'),
  (109, 21, '099000', ' Servicios de apoyo para la minería, excepto pina la extracción de petróleo y gas natural'),
  (110, 22, '101011', ' Matanza de ganado bovino (Incluye búfalos)'),
  (111, 22, '101012', ' Procesamiento de carne de ganado bovino'),
  (112, 22, '101013', ' Saladero y peladero de cursos de ganado bovino'),
  (113, 22, '101020', ' Producción y procesamiento de carne de aves'),
  (114, 22, '101030', ' Elaboración de fiambres y embutidos'),
  (115, 22, '101040', ' Matanza de ganado excepto el bovino y procesamiento de su carne (Incluye ganado ovino, porcino, equino, etc.)'),
  (116, 22, '101091', ' Fabricación de aceites y grasas de origen animal'),
  (117, 22, '101099', ' Matanza de animales n.c.p. y procesamiento de su carne; elaboración de subproductos cárnicos n.c.p. (Incluye producción de carne fresca, refrigerada o congelada de liebre, conejo, animales de caza, etc.)'),
  (118, 23, '102001', ' Elaboración de pescados de mar, crustáceos y productos marinos'),
  (119, 23, '102002', ' Elaboración de pescados darlos y lagunas y otros productos fluviales y lacustres'),
  (120, 23, '102003', ' Fabricación de aceites, grasas, harinas y productos a base de pescados'),
  (121, 24, '103011', ' Preparación de conservas de frutas, hortalizas y legumbres'),
  (122, 24, '103012', ' Elaboración y envasado de dulces, mermeladas y jaleas'),
  (123, 24, '103020', ' Elaboración de jugos naturales y sus concentrados, de frutas, hortalizas y legumbres (No incluye la elaboración de jugos para diluir o en polvo llamados "sintéticos" o de un contenido en jugos naturales inferior al 50% actividad 110492)'),
  (124, 24, '103030', ' Elaboración de frutas, hortalizas y legumbres congeladas'),
  (125, 24, '103091', ' Elaboración de hortalizas y legumbres deshidratadas o desecadas; preparación n.c.p. de hortalizas y legumbres (Incluye la elaboración de harina y escamas de papa, sémola de hortalizas y legumbres, hortalizas y legumbres deshidratadas, etc . )'),
  (126, 24, '103099', ' Elaboración de frutas deshidratadas o desecadas; preparación n.c.p. de frutos'),
  (127, 25, '104011', ' Elaboración de aceites y grasas vegetales sin refinar'),
  (128, 25, '104012', ' Elaboración de aceite de oliva'),
  (129, 25, '104013', ' Elaboración de aceites y grasas vegetales refinados (No incluye aceite de oliva -actividad 104012-)'),
  (130, 25, '104020', ' Elaboración de margarinas y grasas vegetales comestibles similares'),
  (131, 26, '105010', ' Elaboración de leches y productos lácteos deshidratados (Incluye la obtención de quesos, helados, manteca, postres lácteos, yogur y otros productos lácteos fermentados o coagulados cuando son obtenidos en forma integrada con la producción de leche)'),
  (132, 26, '105020', ' Elaboración de quesos (Incluye la producción de suero)'),
  (133, 26, '105030', ' Elaboración industrial de helados'),
  (134, 26, '105090', ' Elaboración de productos lácteos n.c.p. (Incluye la producción de caseínas, manteca, postres, etc., cuando cauces obtenidos e forma integrada con la producción de leche)'),
  (135, 27, '106110', ' Molienda de trigo'),
  (136, 27, '106120', ' Preparación de atroz'),
  (137, 27, '106131', ' Elaboración de alimentos a base de cereales'),
  (138, 27, '106139', ' Preparación y molienda de legumbres y cereales n.c.p., excepto trigo y arroz y molienda húmeda de maíz'),
  (139, 27, '106200', ' Elaboración de almidones y productos derivados del almidón; molienda húmeda & maíz (Incluye la elaboración de glucosa y gluten)'),
  (140, 28, '107110', ' Elaboración de galletitas y bizcochos'),
  (141, 28, '107121', ' Elaboración industrial de productos de panadería, excepto galletitas y bizcochos (Incluye la elaboración de productos de panadería frescos, congelados y secos)'),
  (142, 28, '107129', ' Elaboración de productos de panadería n.c.p. (Incluye la elaboración de pan, facturas, churros, pre-pizzas, masas de hojaldre, masas fritas, tortas, tartas, tic) (No incluye la fabricación de sándwich 561040)'),
  (143, 28, '107200', ' Elaboración de azúcar'),
  (144, 28, '107301', ' Elaboración de cacao y chocolate'),
  (145, 28, '107309', ' Elaboración de productos de confitería n.c.p. (Incluye alfajores, caramelos, frutas confitadas, pastillas, gomas de mascar, etc.)'),
  (146, 28, '107410', ' Elaboración de pastas alimentarias frescas'),
  (147, 28, '107420', ' Elaboración deponían alimentarias secas'),
  (148, 28, '107500', ' Elaboración de comidas preparadas para reventa (Incluye la elaboración de comidas preparadas para reventa en supermercados, kioscos, cafeterías, etc.)'),
  (149, 28, '107911', ' Tostado, torrado y molienda de café'),
  (150, 28, '107912', ' Elaboración y molienda de hierbas aromáticas y especias'),
  (151, 28, '107920', ' Preparación de hojas de té'),
  (152, 28, '107930', ' Elaboración de yerba mate'),
  (153, 28, '107991', ' Elaboración de extractos, jarabes y concentrados'),
  (154, 28, '107992', ' Elaboración de vinagres'),
  (155, 28, '107999', ' Elaboración de productos alimenticios n.c.p. (Incluye la elaboración de polvos para preparar postres y gelatinas, levadura, productos para copetín, sopas, sal de mesa, mayonesa, mostaza, etc.)'),
  (156, 29, '108000', ' Elaboración de alimentos preparados para animales'),
  (157, 30, '109000', ' Servicios industriales para la elaboración de alimentos y bebidas (Incluye procesos y operaciones que permiten que el producto alimenticio y las bebidas estén en estado higiénico sanitario para consumo humano o para su utilización como materias primas da'),
  (158, 31, '110100', ' Destilación, rectificación y mezcla de bebidas espiritosas'),
  (159, 31, '110211', ' Elaboración de mosto'),
  (160, 31, '110212', ' Elaboración de vinos (Incluye el fraccionamiento)'),
  (161, 31, '110290', ' Elaboración de sidra y otras bebidas alcohólicas fermentadas'),
  (162, 31, '110300', ' Elaboración de cerveza, bebidas malteadas y malta'),
  (163, 31, '110411', ' Embotellado de aguas naturales y minerales'),
  (164, 31, '110412', ' Fabricación de sodas'),
  (165, 31, '110420', ' Elaboración de bebidas gaseosas, excepto soda'),
  (166, 31, '110491', ' Elaboración de hielo'),
  (167, 31, '110492', ' Elaboración de bebidas no alcohólicas n.c.p. (Incluye los jugos para diluir o en polvo llamados "sintéticos" o de mi contenido en jugos naturales inferior al 50%) (No incluye a los jugos naturales y sus concentrad os, de frutas, hortalizas y legumbres - '),
  (168, 32, '120010', ' Preparación de hojas de tabaco'),
  (169, 32, '120091', ' Elaboración de cigarrillos'),
  (170, 32, '120099', ' Elaboración de productos de tabaco n.c.p.'),
  (171, 33, '131110', ' Preparación de fibras textiles vegetales; desmotado de algodón (Incluye la preparación de fibras de yute, ramio, cáñamo y lino)'),
  (172, 33, '131120', ' Preparación de fibras animales de uso textil'),
  (173, 33, '131131', ' Fabricación de hilados textiles de lana, pelos y sus mezclas'),
  (174, 33, '131132', ' Fabricación de hilados textiles de algodón y sus mezclas'),
  (175, 33, '131139', ' Fabricación de hilados textiles n.c.p., excepto de lana y de algodón'),
  (176, 33, '131201', ' Fabricación de tejidos (telas) planos de lana y sus mezclas, incluye hilanderías y tejedurías integradas'),
  (177, 33, '131202', ' Fabricación de tejidos (telas) planos de algodón y sus mezclas, incluye hilanderías y tejedurías integradas'),
  (178, 33, '131209', ' Fabricación de tejidos (telas) planos de fibras textiles n.c.p., incluye hilanderías y tejedurías integradas'),
  (179, 33, '131300', ' Acabado de productos textiles'),
  (180, 34, '139100', ' Fabricación de tejidos de punto'),
  (181, 34, '139201', ' Fabricación de frazadas, mantas, ponchos, colchas, cobertores, etc.'),
  (182, 34, '139202', ' Fabricación de ropa de cama y mantelería'),
  (183, 34, '139203', ' Fabricación de artículos de lona y sucedáneos de lona'),
  (184, 34, '139204', ' Fabricación de bolsas de materiales textiles para productos a granel'),
  (185, 34, '139209', ' Fabricación de artículos confeccionados de materiales textiles n.c.p., excepto prendas de vestir'),
  (186, 34, '139300', ' Fabricación de tapices y alfombras'),
  (187, 34, '139400', ' Fabricación de cuerdas, cordeles, bramantes y redes'),
  (188, 34, '139900', ' Fabricación de productos textiles n.c.p.'),
  (189, 35, '141110', ' Confección de ropa interior, prendas para dormir y para la playa'),
  (190, 35, '141120', ' Confección de ropa de trabajo, uniformes y guardapolvos'),
  (191, 35, '141130', ' Confección de prendas de vestir para bebés y niños'),
  (192, 35, '141140', ' Confección de prendas deportivas'),
  (193, 35, '141191', ' Fabricación de accesorios de vestir excepto de cuero'),
  (194, 35, '141199', ' Confección de prendas de vestir n.c.p., excepto prendas de piel, cuero y de punto'),
  (195, 35, '141201', ' Fabricación de accesorios de vestir de cuero'),
  (196, 35, '141202', ' Confección de prendas de vestir de cuero'),
  (197, 36, '142000', ' Terminación y teñido de pieles; fabricación & artículos de piel'),
  (198, 37, '143010', ' Fabricación de medias'),
  (199, 37, '143020', ' Fabricación de prendas de vestir y artículos similares de punto'),
  (200, 38, '149000', ' Servicios industriales para la industria confeccionista (Incluye procesos de planchado y acondicionamiento de prendas: teñido, gastado a la piedra (stone wash), impermeabilizado, lavaderos y secaderos industriales , etc.)'),
  (201, 39, '151100', ' Curtido y terminación de cueros'),
  (202, 39, '151200', ' Fabricación de maletas, bolsos de mano y similares, artículos de talabartería y artículos de cuero n.c.p.'),
  (203, 40, '152011', ' Fabricación de calzado de cuero, excepto calzado deportivo y ortopédico'),
  (204, 40, '152021', ' Fabricación de calzado de materiales n.c.p., excepto calzado deportivo y ortopédico'),
  (205, 40, '152031', ' Fabricación de calzado deportivo'),
  (206, 40, '152040', ' Fabricación de partes de calzado'),
  (207, 41, '161001', ' Aserrado y cepillado de madera nativa'),
  (208, 41, '161002', ' Aserrado y cepillado de madera implantada'),
  (209, 42, '162100', ' Fabricación de hojas de madera para enchapado; fabricación de tableros contrachapados; tableros laminados; tableros de partículas y tableros y paneles n.c.p. (Incluye la fabricación de madera terciada y machimbre)'),
  (210, 42, '162201', ' Fabricación de aberturas y estructuras de madera para la construcción 162202 Fabricación de viviendas prefabricadas de madera'),
  (211, 42, '162300', ' Fabricación de recipientes de madera'),
  (212, 42, '162901', ' Fabricación de ataúdes'),
  (213, 42, '162902', ' Fabricación de artículos de madera en temerías'),
  (214, 42, '162903', ' Fabricación de productos de corcho'),
  (215, 42, '162909', ' Fabricación de productos de madera n.c.p; fabricación de artículos de paja y materiales reciclables (Incluye enmarcada de cuadros, carpintería cuando no explicita especialidad)'),
  (216, 43, '170101', ' Fabricación de pasta de madera'),
  (217, 43, '170102', ' Fabricación de papel y cartón excepto envases'),
  (218, 43, '170201', ' Fabricación de papel ondulado y envases de papel'),
  (219, 43, '170202', ' Fabricación de cartón ondulado y envases & cartón'),
  (220, 43, '170910', ' Fabricación de artículos de papel y cartón de uso doméstico e higiénico sanitario'),
  (221, 43, '170990', ' Fabricación de artículos de papel y cartón n.c.p. (No incluye el papel de lija: 239900)'),
  (222, 44, '181101', ' Impresión de diarios y revistas'),
  (223, 44, '181109', ' Impresión n.c.p., excepto de diarios y revistas'),
  (224, 44, '181200', ' Servicios relacionados con la impresión'),
  (225, 45, '182000', ' Reproducción de grabaciones'),
  (226, 46, '191000', ' Fabricación de productos de hornos de "coque"'),
  (227, 47, '192000', ' Fabricación de productos de la refinación del petróleo'),
  (228, 48, '201110', ' Fabricación de gases industriales y medicinales comprimidos o licuados'),
  (229, 48, '201120', ' Fabricación de curtientes naturales y sintéticos'),
  (230, 48, '201130', ' Fabricación de materias colorantes básicas, excepto pigmentas preparados'),
  (231, 48, '201140', ' Fabricación de combustible nuclear, sustancias y materiales radiactivos'),
  (232, 48, '201180', ' Fabricación de materias químicas inorgánicas básicas n.c.p.'),
  (233, 48, '201190', ' Fabricación de materias químicas orgánicas básicas n.c.p. (Incluye la fabricación de alcoholes excepto el etílico, sustancias químicas para la elaboración de sustancias plásticas, carbón vegetal, etc.)'),
  (234, 48, '201210', ' Fabricación de alcohol'),
  (235, 48, '201220', ' Fabricación de biocombustibles excepto alcohol'),
  (236, 48, '201300', ' Fabricación de abonos y compuestos de nitrógeno'),
  (237, 48, '201401', ' Fabricación de resinas y cauchos sintéticos'),
  (238, 48, '201409', ' Fabricación de materias plásticas en formas primarias n.c.p.'),
  (239, 49, '202101', ' Fabricación de insecticidas, plaguicidas y productos químicos de uso agropecuario'),
  (240, 49, '202200', ' Fabricación de pinturas, barnices y productos de revestimiento similares, tintas de imprenta y sillas'),
  (241, 49, '202311', ' Fabricación de preparados para limpieza, pulido y saneamiento'),
  (242, 49, '202312', ' Fabricación de jabones y detergentes'),
  (243, 49, '202320', ' Fabricación de cosméticos, perfumes y productos de higiene y tocador'),
  (244, 49, '202906', ' Fabricación de explosivos y productos de pirotecnia'),
  (245, 49, '202907', ' Fabricación de colas, adhesivos, aprestos y cementos excepto los odontológicos obtenidos de sustancias minerales y vegetales'),
  (246, 49, '202908', ' Fabricación de productos químicos n.c.p. (Incluye la producción de aceites esenciales, tintas excepto para imprenta, etc.)'),
  (247, 50, '203000', ' Fabricación de fibras manufacturadas'),
  (248, 51, '204000', ' Servicios industriales para la fabricación de sustancias y productos químicos'),
  (249, 52, '210010', ' Fabricación de medicamentos de uso humano y productos farmacéuticos'),
  (250, 52, '210020', ' Fabricación de medicamentos de uso veterinario'),
  (251, 52, '210030', ' Fabricación de sustancias químicas para la elaboración de'),
  (252, 53, '210090', ' Fabricación de productos de laboratorio y productos botánicos de uso farmacéutico n.c.p.'),
  (253, 54, '221110', ' Fabricación de cubiertas y cámaras'),
  (254, 54, '221120', ' Recauchutado y renovación de cubiertas'),
  (255, 54, '221901', ' Fabricación de autopartes de caucho excepto cámaras y cubiertas'),
  (256, 54, '221909', ' Fabricación de productos de caucho n.c.p.'),
  (257, 55, '222010', ' Fabricación de envases plásticos'),
  (258, 55, '222090', ' Fabricación de productos plásticos en formas básicas y artículos de plástico n.c.p., excepto muebles'),
  (259, 56, '231010', ' Fabricación de envases de vidrio'),
  (260, 56, '231020', ' Fabricación y elaboración de vidrio plano'),
  (261, 56, '231090', ' Fabricación de productos de vidrio n.c.p.'),
  (262, 57, '239100', ' Fabricación de productos de cerámica refractaria'),
  (263, 57, '239201', ' Fabricación de ladrillos'),
  (264, 57, '239202', ' Fabricación de revestimientos cerámicos'),
  (265, 57, '239209', ' Fabricación de productos de arcilla y cerámica no refractaria para uso estructural n.c.p.'),
  (266, 57, '239310', ' Fabricación de artículos sanitarios de cerámica'),
  (267, 57, '239391', ' Fabricación de objetos cerámicos para uso doméstico excepto artefactos sanitarios'),
  (268, 57, '239399', ' Fabricación de artículos de cerámica no refractaria para uso no estructural n.c.p.'),
  (269, 57, '239410', ' Elaboración de cemento'),
  (270, 57, '239421', ' Elaboración de yeso'),
  (271, 57, '239422', ' Elaboración de cal'),
  (272, 57, '239510', ' Fabricación de mosaicos'),
  (273, 57, '239591', ' Elaboración de hormigón'),
  (274, 57, '239592', ' Fabricación de premoldeadas para la construcción'),
  (275, 57, '239593', ' Fabricación de artículos de cemento, fibrocemento y yeso excepto hormigón y mosaicos'),
  (276, 57, '239600', ' Corte, tallado y acabado dala piedra (Incluye mármoles y granitos, etc.)'),
  (277, 57, '275091', ' Fabricación de ventiladores, extractores de aire, aspiradoras y similares'),
  (278, 57, '275092', ' Fabricación de planchas, calefactores, hornos eléctricos, tostadoras y otros aparatos generadores de calor'),
  (279, 57, '275099', ' Fabricación de aparatos de uso doméstico n.c.p. (Incluye enceradoras, pulidoras, batidoras, licuadoras y similares)'),
  (280, 58, '279000', ' Fabricación de equipo eléctrico n.c.p.'),
  (281, 59, '281100', ' Fabricación de motores y turbinas, excepto motores para aeronaves, vehículos automotores y motocicletas'),
  (282, 59, '281201', ' Fabricación de bombas'),
  (283, 59, '281301', ' Fabricación de compresores; grifos y válvulas'),
  (284, 59, '281400', ' Fabricación de cojinetes; engranajes; trenes de engranaje y piezas de transmisión'),
  (285, 59, '281500', ' Fabricación de hornos; hogares y quemadores'),
  (286, 59, '281600', ' Fabricación de maquinaria y equipo de elevación y manipulación (Incluye la fabricación de ascensores, escaleras mecánicas, montacargas, etc.)'),
  (287, 59, '281700', ' Fabricación de maquinaria y equipo de oficina, excepto equipo informático'),
  (288, 59, '281900', ' Fabricación de maquinaria y equipo de uso general n.c.p. (Incluye la fabricación de equipos de aire acondicionado, matafuegos, etc.)'),
  (289, 60, '282110', ' Fabricación de tractores'),
  (290, 60, '282120', ' Fabricación de maquinaria y equipo denso agropecuario y forestal'),
  (291, 60, '282130', ' Fabricación de implementos domo agropecuario'),
  (292, 60, '282200', ' Fabricación de máquinas herramienta'),
  (293, 60, '282300', ' Fabricación de maquinaria metalúrgica'),
  (294, 60, '282400', ' Fabricación de maquinaria para la explotación de minas y canteras y para obras de construcción (Incluye la fabricación de máquinas y equipos viales, equipos para la extracción de petróleo y gas, etc.)'),
  (295, 60, '282500', ' Fabricación de maquinaria para la elaboración de alimentos, bebidas y tabaco'),
  (296, 60, '282600', ' Fabricación de maquinaria para la elaboración de productos textiles, prendas de vestir y cueros'),
  (297, 60, '282901', ' Fabricación de maquinaria para la industria del papel y las artes gráficas'),
  (298, 60, '282909', ' Fabricación de maquinaria y equipo denso especial n.c.p.'),
  (299, 61, '291000', ' Fabricación de vehículos automotores (Incluye la fabricación de motores para automotores)'),
  (300, 62, '292000', ' Fabricación de carrocerías para vehículos automotores; fabricación de remolques y semirremolques'),
  (301, 63, '293011', ' Rectificación de motores'),
  (302, 63, '293090', ' Fabricación de partes, piezas y accesorios para vehículos automotores y sus motores n.c.p.'),
  (303, 64, '301100', ' Construcción y reparación de buques (Incluye construcción de estructuras flotantes)'),
  (304, 64, '301200', ' Construcción y reparación de embarcaciones de recreo y deporte'),
  (305, 65, '302000', ' Fabricación y reparación de locomotoras y de material rodante para transporte ferroviario'),
  (306, 66, '303000', ' Fabricación y reparación de aeronaves'),
  (307, 67, '309100', ' Fabricación de motocicletas'),
  (308, 67, '309200', ' Fabricación de bicicletas y de sillones de ruedas ortopédicos'),
  (309, 67, '309900', ' Fabricación de equipo de transporte n.c.p.'),
  (310, 68, '310010', ' Fabricación de muebles y partes de muebles, principalmente de madera'),
  (311, 68, '310020', ' Fabricación de muebles y partes de muebles, excepto los que son principalmente de madera (metal, plástico, etc.)'),
  (312, 68, '310030', ' Fabricación de somieres y colchones'),
  (313, 69, '321011', ' Fabricación de joyas finas y artículos conexos'),
  (314, 69, '321012', ' Fabricación de objetos de platería'),
  (315, 69, '321020', ' Fabricación de "bijouterie" (Incluye la fabricación de joyas de fantasía y accesorios similares)'),
  (316, 70, '322001', ' Fabricación de instrumentos de música'),
  (317, 71, '323001', ' Fabricación de artículos de deporte (Incluye equipos de deporte para gimnasia y campos de juegos, equipos de pesca y "camping", etc., excepto indumentaria deportiva: 141040)'),
  (318, 72, '324000', ' Fabricación de juegos y juguetes'),
  (319, 73, '329010', ' Fabricación de lápices, lapiceras, bolígrafos, sellos y artículos similares para oficinas y artistas'),
  (320, 73, '329020', ' Fabricación de escobas, cepillos y pinceles'),
  (321, 73, '329030', ' Fabricación de carteles, señales sindicadores -eléctricos oso-'),
  (322, 73, '329040', ' Fabricación de equipo de protección y seguridad, excepto calzado'),
  (323, 73, '329090', ' Industrias manufactureras n.c.p. (Incluye fabricación de paraguas, termos, pelucas, etc.)'),
  (324, 74, '331101', ' Reparación y mantenimiento depredados de metal, excepto maquinaria y equipo'),
  (325, 74, '331210', ' Reparación y mantenimiento de maquinaria de uso general'),
  (326, 74, '331220', ' Reparación y mantenimiento de maquinaria y equipo de uso agropecuario y forestal'),
  (327, 74, '331290', ' Reparación y mantenimiento de maquinaria de uso especial n.c.p.'),
  (328, 74, '331301', ' Reparación y mantenimiento de instrumentos médicos, ópticos y de precisión; equipo fotográfico, aparatos para medir, ensayar o navegar; relojes, excepto para uso personal o doméstico'),
  (329, 74, '331400', ' Reparación y mantenimiento de maquinaria y aparatos eléctricos'),
  (330, 74, '331900', ' Reparación y mantenimiento de máquinas y equipo n.c.p.'),
  (331, 75, '332000', ' Instalación de maquinaria y equipos industriales'),
  (332, 76, '351110', ' Generación de energía térmica convencional (Incluye la producción de energía eléctrica mediante máquinas turbo-gas, turbo vapor, ciclo combinado y turbo diesel)'),
  (333, 76, '351120', ' Generación de energía térmica nuclear (Incluye la producción de energía eléctrica mediante combustible nuclear)'),
  (334, 76, '351130', ' Generación de energía hidráulica (Incluye la producción de energía eléctrica mediante centrales de bombeo)'),
  (335, 76, '351190', ' Generación de energía n.c.p. (Incluye la producción de energía eléctrica mediante fuentes de energía solar, biomasa, eólica, geotérmica, mareomotriz, etc.)'),
  (336, 76, '351201', ' Transporte de energía eléctrica'),
  (337, 76, '351310', ' Comercio mayorista de energía eléctrica'),
  (338, 76, '351320', ' Distribución de energía eléctrica'),
  (339, 77, '352010', ' Fabricación de gas y procesamiento de gas natural'),
  (340, 77, '352020', ' Distribución de combustibles gaseosos por tuberías (No incluye el transporte por gasoductos)'),
  (341, 78, '353001', ' Suministro de vapor y aire acondicionado'),
  (342, 79, '360010', ' Captación, depuración y distribución de agua de fuentes subterráneas'),
  (343, 79, '360020', ' Captación, depuración y distribución de agua de fuentes superficiales'),
  (344, 80, '370000', ' Servicios de depuración de aguas residuales, alcantarillado y cloacas'),
  (345, 81, '381100', ' Recolección, transporte, tratamiento y disposición final de residuos no peligrosos'),
  (346, 81, '381200', ' Recolección, transporte, tratamiento y disposición final de residuos peligrosos'),
  (347, 82, '382010', ' Recuperación de materiales y desechos metálicos'),
  (348, 82, '382020', ' Recuperación de materiales y desechos no metálicos'),
  (349, 83, '390000', ' Descontaminación y otros servicios de gestión de residuos'),
  (350, 84, '410011', ' Construcción, reforma y reparación de edificios residenciales (Incluye la construcción, reforma y reparación de viviendas unifamiliares y multifamiliares; bungaloes, cabañas, casas de campo, departamentos, albergues para ancianos, niños , estudiantes, et'),
  (351, 84, '410021', ' Construcción, reformas y reparación de edificios no residenciales (Incluye construcción, reforma y reparación de restaurantes, bares, campamentos, bancos, oficinas, galerías comerciales, estaciones de servicio, edificios para tráfico y comunicaciones, pa'),
  (352, 85, '421000', ' Construcción, reforma y reparación de obras de infraestructura para el transporte (Incluye la construcción, reforma y reparación de calles, autopistas, carreteras, puentes, túneles, vías férreas y pistas de aterrizaje, la  señalización mediante pintura, '),
  (353, 86, '422100', ' Perforación de pozos de agua'),
  (354, 86, '422200', ' Construcción, reforma y reparación de redes distribución de electricidad, gas, agua, telecomunicaciones y de otros servicios públicos'),
  (355, 87, '429010', ' Construcción, reforma y reparación de obras hidráulicas (Incluye obras fluviales y canales, acueductos, diques, etc.)'),
  (356, 87, '429090', ' Construcción de obras de ingeniería civil n.c.p. (Incluye los trabajos generales de construcción para la minería y la industria, de centrales eléctricas y nucleares, excavaciones de sepulturas, etc.)'),
  (357, 88, '431100', ' Demolición y voladura de edificios y de sus partes (Incluye los trabajos de limpieza de escombros asociada a la demolición, los derribos y demolición de edificios y obras de ingeniería civil,.los trabajos de voladura y remoción de rocas)'),
  (358, 88, '431210', ' Movimiento de suelos y preparación de terrenos para obras (Incluye el drenaje, excavación de zanjas para construcciones diversas, el despeje de capas superficiales no contaminadas, movimientos de tierras para hacer terraplenes o desmontes previos a la co'),
  (359, 88, '431220', ' Perforación y sondeo, excepto perforación de pozos de petróleo, de gas, de minas e hidráulicos y prospección de yacimientos de petróleo (Incluye los trabajos de perforación, sondeo y muestreo con fines de construcción o para estudios geofísicos, geológic'),
  (360, 89, '432110', ' Instalación de sistemas de iluminación, control y señalización eléctrica para el transporte'),
  (361, 89, '432190', ' Instalación, ejecución y mantenimiento de instalaciones eléctricas, electromecánicas y electrónicas n.c.p. (Incluye la instalación de antenas, pararrayos, sistemas de alarmas contra incendios y robos, sistemas de telecomunicación, etc.)'),
  (362, 89, '432200', ' Instalaciones de gas, agua, sanitarios y de climatización, cansas artefactos conexos (Incluye la instalación de compactadores, calderas, sistemas de calefacción central, etc.)'),
  (363, 89, '432910', ' Instalaciones de ascensores, montacargas y escaleras mecánicas'),
  (364, 89, '432920', ' Aislamiento térmico, acústico, hídrico y antivibratorio'),
  (365, 89, '432990', ' Instalaciones para edificios y obras de ingeniería civil n.c.p. (Incluye instalación de puertas automáticas o giratorias)'),
  (366, 90, '433010', ' Instalaciones de carpintería, herrería de obra y artística (Incluye instalación de puertas y ventanas, carpintería metálica y no metálica, etc.)'),
  (367, 90, '433020', ' Terminación y revestimiento de paredes y pisos (Incluye yesería, salpicré, el pulido de pisos y la colocación de revestimientos de cerámicas, de piedra tallada, de suelos flexibles, parqué, baldosas, empapelados, etc.)'),
  (368, 90, '433030', ' Colocación de cristales en obra (Incluye la instalación y revestimiento de vidrio, espejos y otros artículos de vidrio, etc.)'),
  (369, 90, '433040', ' Pintura y trabajos de decoración'),
  (370, 90, '433090', ' Terminación de edificios n.c.p. (Incluye trabajos de ornamentación, limpieza exterior de edificios recién construidos, etc.)'),
  (371, 91, '439100', ' Alquiler de equipo de construcción o demolición dotado de operarios'),
  (372, 91, '439910', ' Hincado de pilotes, cimentación y otros trabajos de hormigón armado'),
  (373, 91, '439990', ' Actividades especializadas de construcción n.c.p. (Incluye el alquiler, montaje y desmantelamiento de andamios, la construcción de chimeneas y hornos industriales, el acorazamiento de cajas fuertes y cámaras frigoríficas, el armado e instalación de compu'),
  (374, 92, '451110', ' Venta de autos, camionetas y utilitarios nuevos (Incluye taxis, jeeps, 4x4 y vehículos similares)'),
  (375, 92, '451190', ' Venta de vehículos automotores nuevos n.c.p. (Incluye casas rodantes, trailers, camiones, remolques, ambulancias, ómnibus, microbuses y similares, cabezas tractoras, etc.)'),
  (376, 92, '451210', ' Venta de autos, camionetas y utilitarios, usados (Incluye taxis, jeeps, 4x4 y vehículos similares)'),
  (377, 92, '451290', ' Venta de vehículos automotores usados n.c.p. (Incluye, casas rodantes, trailers, camiones, remolques, ambulancias, ómnibus, microbuses y similares, cabezas tractoras, etc.)'),
  (378, 93, '452101', ' Lavado automático y manual de vehículos automotores'),
  (379, 93, '452210', ' Reparación de cámaras y cubiertas (Incluye reparación de llantas)'),
  (380, 93, '452220', ' Reparación de amortiguadores, alineación de dirección y balanceo de ruedas'),
  (381, 93, '452300', ' Instalación y reparación de parabrisas, lunetas y ventanillas, cerraduras no eléctricas y grabado de cristales (Incluye instalación y reparación de aletas, burletes y colisas)'),
  (382, 93, '452401', ' Reparaciones eléctricas del tablero e instrumental; reparación y recarga debutarías; instalación de alarmas, radios, sistemas de climatización'),
  (383, 93, '452500', ' Tapizado y retapizado de automotores'),
  (384, 93, '452600', ' Reparación y pintura de carrocerías; colocación y reparación de guardabarros y protecciones exteriores'),
  (385, 93, '452700', ' Instalación y reparación de caños de escape y radiadores'),
  (386, 93, '452900', ' Mantenimiento y reparación de frenos y embragues'),
  (387, 93, '452910', ' Instalación y reparación de equipos de GNC'),
  (388, 93, '452990', ' Mantenimiento y reparación del motor n.c.p.; mecánica integral (Incluye auxilio y servicios de grúa para automotores)'),
  (389, 94, '453100', ' Venta al por mayor departes, piezas y accesorios de vehículos automotores'),
  (390, 94, '453210', ' Venta al por menor de cámaras y cubiertas'),
  (391, 94, '453220', ' Venta al por menor de baterías'),
  (392, 94, '453291', ' Venta al por menor de partes, piezas y accesorios nuevos n.c.p.'),
  (393, 94, '453292', ' Venta al por menor de partes, piezas y accesorios usados n.c.p.'),
  (394, 95, '454010', ' Venta de motocicletas y de sus partes, piezas y accesorios'),
  (395, 95, '454020', ' Mantenimiento y reparación de motocicletas'),
  (396, 96, '461011', ' Venta al por mayor en comisión o consignación de cereales (incluye arroz), oleaginosas y forrajeras excepto semillas'),
  (397, 96, '461012', ' Venta al por mayor en comisión o consignación de semillas'),
  (398, 96, '461013', ' Venta al por mayor en comisión o consignación de frutas (Incluye acopiadores y receptoras)'),
  (399, 96, '461014', ' Acopio y acondicionamiento en comisión o consignación de cereales (incluye arroz), oleaginosa y forrajeras excepto semillas'),
  (400, 96, '461019', ' Venta al por mayor en comisión o consignación de productos agrícolas n.c.p.'),
  (401, 96, '461021', ' Venta al por mayor en comisión o consignación de ganado bovino en pie (Incluye consignatarios de hacienda y ferieros)'),
  (402, 96, '461022', ' Venta al por mayor en comisión o consignación de ganado en pie excepto bovino'),
  (403, 96, '461029', ' Venta al por mayor en comisión o consignación de productos pecuarios n.c.p.'),
  (404, 96, '461031', ' Operaciones de intermediación de carne - consignatario directo -'),
  (405, 96, '461032', ' Operaciones de intermediación de carne excepto consignatario directo (Incluye matarifes abastecedores de carne, etc.)'),
  (406, 96, '461039', ' Venta al por mayor en comisión o consignación de alimentos, bebidas y tabaco n.c.p.'),
  (407, 96, '461040', ' Venta al por mayor en comisión o consignación de combustibles (No incluye electricidad)'),
  (408, 96, '461091', ' Venta al por mayor en comisión o consignación de productos textiles, prendas de vestir, calzado excepto el ortopédico, artículos de marroquinería, paraguas y similares y productos de cuero n.c.p.'),
  (409, 96, '461092', ' Venta al por mayor en comisión o consignación de madera y materiales para la construcción'),
  (410, 96, '461093', ' Venta al por mayor en comisión o consignación de minerales, metales y productos químicos industriales'),
  (411, 96, '461094', ' Venta al por mayor en comisión o consignación de maquinaria, equipo profesional industrial y comercial, embarcaciones y aeronaves'),
  (412, 96, '461095', ' Venta al por mayor en comisión o consignación de papel, cartón, libros, revistas, diarios, materiales de embalaje y artículos de librería'),
  (413, 96, '461099', ' Venta al por mayor en comisión o consignación de mercaderías n.c.p.'),
  (414, 97, '462110', ' Acopio de algodón'),
  (415, 97, '462120', ' Venta al por mayor de semillas y granos para forraje'),
  (416, 97, '462131', ' Venta al por mayor de cereales (incluye arroz), oleaginosas y forrajeras excepto semillas'),
  (417, 97, '462132', ' Acopio y acondicionamiento de cereales y semillas, excepto de algodón y semillas y granos para forrajes'),
  (418, 97, '462190', ' Venta al por mayor de materias primas agrícolas y dote silvicultura n.c.p. (Incluye el acopio y venta al por mayor de materiales, desperdicios, subproductos agrícola usados como alimentos para animales)'),
  (419, 97, '462201', ' Venta al por mayor de lanas, cueros en bruto y productos afines'),
  (420, 97, '462209', ' Venta al por mayor de materias primas pecuarias n.c.p. incluso animales vivos (Incluye pieles y cueros en bruto)'),
  (421, 98, '463111', ' Venta al por mayor de productos lácteos'),
  (422, 98, '463112', ' Venta al por mayor de fiambres y quesos 463121 Venta al por mayor de carnes rojas y derivados (Incluye abastecedores y distribuidores de carnes)'),
  (423, 98, '463129', ' Venta al por mayor de aves, huevos y productos de granja y dala caza n.c.p. (Incluye la venta al por mayor de cama de ave fresca, congelada o refrigerada)'),
  (424, 98, '463130', ' Venta al por mayor de pescado'),
  (425, 98, '463140', ' Venta al por mayor y empaque de frutas, de legumbres y hortalizas frescas'),
  (426, 98, '463151', ' Venta al por mayor de pan, productos de confitería y pastas frescas'),
  (427, 98, '463152', ' Venta al por mayor de azúcar'),
  (428, 98, '463153', ' Venta al por mayor de aceites y grasas'),
  (429, 98, '463154', ' Venta al por mayor de café, té, yerba mate y otras infusiones y especias y condimentos (Incluye la venta de sal)'),
  (430, 98, '463159', ' Venta al por mayor de productos y subproductos de molinería n.c.p.'),
  (431, 98, '463160', ' Venta al por mayor de chocolates, golosinas y productos para kioscos y polirrubros n.c.p., excepto cigarrillos'),
  (432, 98, '463170', ' Venta al por mayor de alimentos balanceados para animales'),
  (433, 98, '463180', ' Venta al por mayor en supermercados mayoristas de alimentos'),
  (434, 98, '463191', ' Venta al por mayor de frutas, legumbres y cereales secos y en conserva'),
  (435, 98, '463199', ' Venta al por mayor de productos alimenticios n.c.p. (Incluye la venta de miel y derivados, productos congelados, etc.)'),
  (436, 98, '463211', ' Venta al por mayor de vino'),
  (437, 98, '463212', ' Venta al por mayor de bebidas espiritosas'),
  (438, 98, '463219', ' Venta al por mayor de bebidas alcohólicas n.c.p.(Incluye la venta de aperitivos con alcohol, cerveza, sidra, etc.)'),
  (439, 98, '463220', ' Venta al por mayor de bebidas no alcohólicas (Incluye la venta de aguas, sodas, bebidas refrescantes, jarabes, extractos, concentrados, gaseosas, jugos, etc.)'),
  (440, 98, '463300', ' Venta al por mayor de cigarrillos y productos de tabaco'),
  (441, 99, '464111', ' Venta al por mayor de tejidos (telas)'),
  (442, 99, '464112', ' Venta al por mayor de artículos de mercería (Incluye la venta de puntillas, galones, hombreras, agujas, barones, etc.)'),
  (443, 99, '464113', ' Venta al por mayor de mantelería, ropa de cama y artículos textiles para el hogar'),
  (444, 99, '464114', ' Venta al por mayor de tapices y alfombras de materiales textiles'),
  (445, 99, '464119', ' Venta al por mayor de productos textiles n.c.p.'),
  (446, 99, '464121', ' Venta al por mayor de prendas de vestir de cuero'),
  (447, 99, '464122', ' Venta al por mayor de medias y prendas de punto 464129 Venta al por mayor de prendas y accesorios de vestir n.c.p., excepto uniformes y ropa de trabajo'),
  (448, 99, '464130', ' Venta al por mayor de calzado excepto el ortopédico (Incluye venta de calzado de cuero, tela, plástico, goma, etc.)'),
  (449, 99, '464141', ' Venta al por mayor de pieles y cueros curtidos y salados'),
  (450, 99, '464142', ' Venta al por mayor de suelas y afines (Incluye talabarterías, artículos regionales de MIMO, almacenes de suelas, etc.)'),
  (451, 99, '464149', ' Venta al por mayor de artículos de marroquinería, paraguas y productos similares n.c.p.'),
  (452, 99, '464150', ' Venta al por mayor de uniformes y ropa de trabajo'),
  (453, 99, '464211', ' Venta al por mayor de libros y publicaciones'),
  (454, 99, '464212', ' Venta al por mayor de diarios y revistas'),
  (455, 99, '464221', ' Venta al por mayor de papel y productos de papel y cartón excepto envases'),
  (456, 99, '464222', ' Venta al por mayor de envases de papel y cartón'),
  (457, 99, '464223', ' Venta al por mayor de artículos de librería y papelería'),
  (458, 99, '464310', ' Venta al por mayor de productos farmacéuticos (Incluye venta de medicamentos y kits de diagnóstico como test de embarazo, hemoglucotest, vacunas, etc.)'),
  (459, 99, '464320', ' Venta al por mayor de productos cosméticos, de tocador y de perfumería (Incluye venta de artículos para peluquería excepto equipamiento)'),
  (460, 99, '464330', ' Venta al por mayor de instrumental médico y odontológico y artículos ortopédicos (Incluye venta de vaporizadores, nebulizadores, masajeadores, termómetros, prótesis, muletas, plantillas calzado ortopédico potros artículos similares de uso personal o domé'),
  (461, 99, '464340', ' Venta al por mayor de productos veterinarios'),
  (462, 99, '464410', ' Venta al por mayor de artículos de óptica y de fotografía (Incluye venta de lentes de contacto, líquidos oftalmológicos, armazones, cristales ópticos, película fotográficas, cámaras y accesorios para fotografía, etc.)'),
  (463, 99, '464420', ' Venta al por mayor de artículos de relojería, joyería y fantasías'),
  (464, 99, '464501', ' Venta al por mayor de electrodomésticos y artefactos para el hogar excepto equipos de audio y video'),
  (465, 99, '464502', ' Venta al por mayor de equipos de audio, video y televisión'),
  (466, 99, '464610', ' Venta al por mayor de muebles excepto de oficina; artículos de mimbre y corcho; colchones y somieres'),
  (467, 99, '464620', ' Venta al por mayor de artículos de iluminación'),
  (468, 99, '464631', ' Venta al por mayor de artículos de vidrio'),
  (469, 99, '464632', ' Venta al por mayor de artículos de bazar y menaje excepto de vidrio'),
  (470, 99, '464910', ' Venta al por mayor de CD''s y DVD''s de audio y video grabados.'),
  (471, 99, '464920', ' Venta al por mayor de materiales y productos de limpie.'),
  (472, 99, '464930', ' Venta al por mayor de juguetes (Incluye artículos de cotillón)'),
  (473, 99, '464940', ' Venta al por mayor de bicicletas y rodados similares (Incluye cochecitos y sillas de paseo para bebés, andadores, triciclos, etc.)'),
  (474, 99, '464950', ' Venta al por mayor de artículos de esparcimiento y deportes (Incluye embarcaciones deportivas, armas y municiones, equipos de pesca, piletas de natación de lona o plástico, etc.)'),
  (475, 99, '464991', ' Venta al por mayor de flores y plantas naturales y artificiales'),
  (476, 99, '464999', ' Venta al por mayor de artículos de uso doméstico o personal n.c.p (Incluye artículos de platería excepto los incluidos en talabartería, cuadros y marcos que no sean obra de arte o de colección, sahumerios y artículos de santería, parrillas y hogares, etc'),
  (477, 100, '465100', ' Venta al por mayor de equipos, periféricos, accesorios y programas informáticos'),
  (478, 100, '465210', ' Venta al por mayor de equipos de telefonía y comunicaciones 465220 Venta al por mayor de componentes electrónicos'),
  (479, 100, '465310', ' Venta al por mayor de máquinas, equipos e implementos de uso en los sectores agropecuario, jardinería, silvicultura, pesca y caza (Incluye venta de tractores, cosechadoras, enfardadoras, remolques de carga y descarga automática, motosierras, cortadoras d'),
  (480, 100, '465320', ' Venta al por mayor de máquinas, equipos e implementos de uso en la elaboración de alimentos, bebidas y tabaco (Incluye máquinas para moler, picar y cocer alimentos, fabricadora de pastas, bateas, enfriadoras y envasadoras de bebidas, etc.)'),
  (481, 100, '465330', ' Venta al por mayor de máquinas, equipos e implementos de uso en la fabricación de textiles, prendas y accesorios de vestir, calzado, artículos de cuero y marroquinería (Incluye venta de máquinas de coser, de cortar tejidos, de tejer, extender telas, robo'),
  (482, 100, '465340', ' Venta al por mayor de máquinas, equipos e implementos de uso en imprentas, artes gráficas y actividades conexas (Incluye venta de máquinas fotocopiadoras - excepto las de uso personal-, copiadoras de planos, máquinas para imprimir, guillotinar 0  troquel'),
  (483, 100, '465350', ' Venta al por mayor de máquinas, equipos e implementos de uso médico y paramédico (Incluye venta de equipos de diagnóstico y tratamiento, camillas, cajas de cirugía, jeringas y otros implementos de material descartable, etc.)'),
  (484, 100, '465360', ' Venta al por mayor de máquinas, equipos e implementos de uso en la industria del plástico y del caucho (Incluye sopladora de envases, laminadora de plásticos, máquinas extrusoras y moldeadoras, etc.)'),
  (485, 100, '465390', ' Venta al por mayor de máquinas, equipos e implementos de uso especial n.c.p. (Incluye motoniveladoras, excavadoras, palas mecánicas, perforadoras-percutoras, etc.)'),
  (486, 100, '465400', ' Venta al por mayor de máquinas - herramienta de uso general'),
  (487, 100, '465500', ' Venta al por mayor de vehículos, equipos y máquinas para el transporte ferroviario, aéreo y de navegación'),
  (488, 100, '465610', ' Venta al por mayor de muebles e instalaciones para oficinas'),
  (489, 100, '465690', ' Venta al por mayor de muebles e instalaciones para la industria, el comercio y los servicios n.c.p.'),
  (490, 100, '465910', ' Venta al por mayor de máquinas y equipo de control y seguridad'),
  (491, 100, '465920', ' Venta al por mayor de maquinaria y equipado oficina, excepto equipo informático'),
  (492, 100, '465930', ' Venta al por mayor de equipo profesional y científico e instrumentos de medida y de control n.c.p.'),
  (493, 100, '465990', ' Venta al por mayor de máquinas, equipo y materiales conexas n.c.p.'),
  (494, 101, '466110', ' Venta al por mayor de combustibles y lubricantes para automotores 466121 Fraccionamiento y distribución de gas licuado'),
  (495, 101, '466129', ' Venta al por mayor de combustibles, lubricantes, leña y carbón, excepto gas licuado y combustibles y lubricantes para automotores'),
  (496, 101, '466200', ' Venta al por mayor de metales y minerales metalíferos'),
  (497, 101, '466310', ' Venta al por mayor de aberturas (Incluye puertas, ventanas, cortinas de enrollar, madera, aluminio, puertas corredizas, frentes de placard, etc.)'),
  (498, 101, '466320', ' Venta al por mayor de productos de madera excepto muebles (Incluye placas, varillas, parqué, machimbre, etc.)'),
  (499, 101, '466330', ' Venta al por mayor de artículos de ferretería y materiales eléctricos (Incluye la venta de clavos, cerraduras, cable coaxil. ele)'),
  (500, 101, '466340', ' Venta al por mayor de pinturas y productos canosos'),
  (501, 101, '466350', ' Venta al por mayor de cristales y espejos'),
  (502, 101, '466360', ' Venta al por mayor de artículos para plomería, instalación de gas y calefacción'),
  (503, 101, '466370', ' Venta al por mayor de papeles para pared, revestimiento para pisos de goma, plástico y textiles, y artículos similares para la decoración'),
  (504, 101, '466391', ' Venta al por mayor de artículos de loza, cerámica y porcelana de uso en construcción'),
  (505, 101, '466399', ' Venta al por mayor de artículos para la construcción n.c.p. (No incluye artículos y materiales de demolición: 466990 )'),
  (506, 101, '466910', ' Venta al por mayor de productos intermedios n.c.p., desperdicios y desechos textiles'),
  (507, 101, '466920', ' Venta al por mayor de productos intermedios n.c.p., desperdicios y desechos de papel y cartón'),
  (508, 101, '466931', ' Venta al por mayor de artículos de plástico'),
  (509, 101, '466932', ' Venta al por mayor de abonos, fertilizantes y plaguicidas 466939 Venta al por mayor de productos intermedios, desperdicios y desechos de vidrio, caucho, goma y químicos n.c.p.'),
  (510, 101, '466940', ' Venta al por mayor de productos intermedios n.c.p., desperdicios y desechos metálicos (Incluye chatarra, viruta de metales diversos, etc.)'),
  (511, 101, '466990', ' Venta al por mayor de productos intermedios, desperdicios y desechos n.c.p.'),
  (512, 102, '469010', ' Venta al por mayor de insumos agropecuarios diversos'),
  (513, 102, '469090', ' Venta al por mayor de mercancías n.c.p.'),
  (514, 103, '471110', ' Venta al por menor en hipermercados'),
  (515, 103, '471120', ' Venta al pormenores supermercados'),
  (516, 103, '471130', ' Venta al por menor en minimercados (Incluye mercaditos, autoservicios y establecimientos similares que vendan carnes, verduras y demás productos alimenticios en farsas conjunta)'),
  (517, 103, '471190', ' Venta al por menor en kioscos, polirrubros y comercios no especializados n.c.p.'),
  (518, 103, '471900', ' Venta al por menor en comercios no especializados, sin predominio de productos alimenticios y bebidas'),
  (519, 104, '472112', ' Venta al por menor de fiambres y embutidos'),
  (520, 104, '472120', ' Venta al por menor de productos de almacén y dietética'),
  (521, 104, '472130', ' Venta al por menor de carnes rojas, menudencias y chacinados frescos'),
  (522, 104, '472140', ' Venta al por menor de huevos, carne de aves y productos de granja y de la caza'),
  (523, 104, '472150', ' Venta al por menor de pescados y productos de la pesca'),
  (524, 104, '472160', ' Venta al por menor de frutas, legumbres y hortalizas frescas'),
  (525, 104, '472171', ' Venta al por menor de pan y productos de panadería'),
  (526, 104, '472172', ' Venta al por menor de bombones, golosinas y demás productos de confitería'),
  (527, 104, '472190', ' Venta al por menor de productos alimenticios n.c.p., en comercios especializados'),
  (528, 104, '472200', ' Venta al por menor de bebidas en comercios especializados'),
  (529, 104, '472300', ' Venta al por menor de tabaco en comercios especializados'),
  (530, 105, '473000', ' Venta al por menor de combustible para vehículos automotores y motocicletas (Incluye la venta al por menor de productos lubricantes y refrigerantes)'),
  (531, 106, '474010', ' Venta al por menor de equipos, periféricos, accesorios y programas informáticos'),
  (532, 106, '474020', ' Venta al por menor de aparatos de telefonía y comunicación (Incluye teléfonos, celulares, fax, etc)'),
  (533, 107, '475110', ' Venta al por menor de hilados, tejidos y artículos de mercería (Incluye mercerías, sederías, comercios de venta de lanas y otros hilados, etc.)'),
  (534, 107, '475120', ' Venta al por menor de confecciones para el hogar (Incluye la venta al por menor de sábanas, toallas, mantelería, cortinas confeccionadas, colchas, cubrecamas, etc.)'),
  (535, 107, '475190', ' Venta al por menor de artículos textiles n.c.p. excepto prendas de vestir (Incluye la venta al por menor de tapices, alfombras, etc.)'),
  (536, 107, '475210', ' Venta al por menor de aberturas (Incluye puertas, ventanas, cortinas de enrollar de PVC, madera, aluminio, puertas corredizas, frentes de placards, etc.)'),
  (537, 107, '475220', ' Venta al por menor de maderas y artículos de madera y corcho, excepto muebles'),
  (538, 107, '475230', ' Venta al por menor de artículos de ferretería y materiales eléctricos 475240 Venta al por menor de pinturas y productos conexos'),
  (539, 107, '475250', ' Venta al por menor de artículos para plomería e instalación de gas 475260 Venta al por menor de cristales, espejos, mamparas y cerramientos'),
  (540, 107, '475270', ' Venta al por menor de papeles para pared, revestimientos para pisos y artículos similares para la decoración'),
  (541, 107, '475290', ' Venta al por menor de materiales de construcción n.c.p.'),
  (542, 107, '475300', ' Venta al por menor de electrodomésticos, artefactos para el hogar y equipos de audio y video'),
  (543, 107, '475410', ' Venta al por menor de muebles para el hogar, artículos de mimbre y corcho'),
  (544, 107, '475420', ' Venta al por menor de colchones y somieres'),
  (545, 107, '475430', ' Venta al por menor de artículos de iluminación'),
  (546, 107, '475440', ' Venta al por menor de artículos de bazar y menaje (Incluye venta al por menor de vajilla, cubiertos, etc.)'),
  (547, 107, '475490', ' Venta al por menor de artículos para el hogar n.c.p. (Incluye perchas, marcos, cuadros, etc.)'),
  (548, 108, '476110', ' Venta al por menor de libros'),
  (549, 108, '476120', ' Venta al por menor de diarios y revistas'),
  (550, 108, '476130', ' Venta al por menor de papel, cartón, materiales de embalaje y artículos de librería 476200 Venta al por menor de CD''s y DVD''s de audio y video grabados (Incluye CD''s y DVD''s vírgenes)'),
  (551, 108, '476310', ' Venta al por menor de equipos y artículos deportivos (Incluye la venta preparación de bicicletas, la venta de aparatos de gimnasia y de equipos de "camping", etc.)'),
  (552, 108, '476320', ' Venta al por menor de armas, artículos para la caza y pesca'),
  (553, 108, '476400', ' Venta al por menor de juguetes, artículos de cotillón y juegos de mesa'),
  (554, 109, '477110', ' Venta al por menor de ropa interior, medias, prendas para dormir y para la playa (Incluye cometería, lencería, camisetas, medias excepto ortopédicas, pijamas, camisones y saltos de cama, salidas de baño, trajes de baño, etc.)'),
  (555, 109, '477120', ' Venta al por menor de uniformes escolares y guardapolvos'),
  (556, 109, '477130', ' Venta al por menor de indumentaria para bebés y niños'),
  (557, 109, '477140', ' Venta al por menor de indumentaria deportiva'),
  (558, 109, '477150', ' Venta al por menor de prendas de cuero'),
  (559, 109, '477190', ' Venta al por menor de prendas y accesorios de vestir n.c.p.'),
  (560, 109, '477210', ' Venta al por menor de artículos de talabartería y artículos regionales (Incluye venta de artículos regionales de cuero, plata, alpaca y similares)'),
  (561, 109, '477220', ' Venta al por menor de calzado, excepto el ortopédico y el deportivo (No incluye almacenes de suelas 464142)'),
  (562, 109, '477230', ' Venta al por menor de calzado deportivo'),
  (563, 109, '477290', ' Venta al por menor de artículos de marroquinería, paraguas y similares n.c.p.'),
  (564, 109, '477310', ' Venta al por menor de productos farmacéuticos y de herboristería'),
  (565, 109, '477320', ' Venta al por menor de productos cosméticos, de tocador y de perfumería'),
  (566, 109, '477330', ' Venta al por menor de instrumental médico y odontológico y artículos ortopédicos (Incluye venta de vaporizadores, nebulizadores, masajeadores, termómetros, prótesis, muletas, plantillas, calzado ortopédico y otros artículos similares de uso personal o do'),
  (567, 109, '477410', ' Venta al por menor de artículos de óptica y fotografía'),
  (568, 109, '477420', ' Venta al por menor de artículos de relojería y joyería'),
  (569, 109, '477430', ' Venta al por menor de "bijouterie" y fantasía'),
  (570, 109, '477440', ' Venta al por menor de flores, plantas, semillas, abonos, fertilizantes y otros productos de vivero'),
  (571, 109, '477450', ' Venta al por menor de materiales y productos de limpieza'),
  (572, 109, '477460', ' Venta al por menor de fuel oil, gas en garrafas, carbón y leña (No incluye las estaciones de servicios que se clasifican en 473000)'),
  (573, 109, '477470', ' Venta al por menor de productos veterinarios, animales domésticos y alimento balanceado para mascotas'),
  (574, 109, '477480', ' Venta al por menor de obras de arte'),
  (575, 109, '477490', ' Venta al por menor de artículos nuevos n.c.p. (Incluye la venta realizada en casas de regalos, de artesanías, pelucas, de artículos religiosos -santerías-, recarga de matafuegos, etc.)'),
  (576, 109, '477810', ' Venta al por menor de muebles usados'),
  (577, 109, '477820', ' Venta al por menor de libros, revistas y similares usados'),
  (578, 109, '477830', ' Venta al por menor de antigüedades (Incluye venta de antigüedades en remates)'),
  (579, 109, '477840', ' Venta al por menor de oro, monedas, sellos y similares (Incluye la venta de monedas de colección, estampillas, etc.)'),
  (580, 109, '477890', ' Venta al por menor de artículos usados n.c.p. excepto automotores y motocicletas'),
  (581, 110, '478010', ' Venta al por menor de alimentos, bebidas y tabaco en puestos móviles y mercados'),
  (582, 110, '478090', ' Venta al por menor de productos n.c.p. en puestos móviles y mercados'),
  (583, 111, '479109', ' Venta al por menor por correo, televisión y otros medios de comunicación n.c.p.'),
  (584, 111, '479900', ' Venta al por menor no realizada en establecimientos n.c.p. (Incluye venta mediante máquinas expendedoras, vendedores ambulantes y vendedores a domicilio)'),
  (585, 112, '491110', ' Servicio de transporte ferroviario urbano y suburbano de pasajeros (Incluye el servicio de subterráneo y de premetro)'),
  (586, 112, '491120', ' Servicio de transporte ferroviario interurbano de pasajeros'),
  (587, 112, '491200', ' Servicio de transporte ferroviario de cargas'),
  (588, 113, '492110', ' Servicio de transporte automotor urbano y suburbano regular de pasajeros'),
  (589, 113, '492120', ' Servicios de transporte automotor de pasajeros mediante taxis y remises; alquiler de autos con chofer (Incluye los radiotaxis)'),
  (590, 113, '492130', ' Servicio de transporte escolar (Incluye el servicio de transporte para colonias de vacaciones y clubes)'),
  (591, 113, '492140', ' Servicio de transporte automotor urbano y suburbano no regular de pasajeros de oferta libre, excepto mediante taxis y remises, alquiler de autos con chofer y transporte escolar (Incluye servicios urbanos especiales como charters, servicios contratados, s'),
  (592, 113, '492150', ' Servicio de transporte automotor interurbano regular de pasajeros, excepto transporte internacional (Incluye los llamados servicios de larga distancia)'),
  (593, 113, '492160', ' Servicio de transporte automotor interurbano no regular de pasajeros 492170 Servicio de transporte automotor internacional de pasajeros'),
  (594, 113, '492180', ' Servicio de transporte automotor turístico de pasajeros'),
  (595, 113, '492190', ' Servicio de transporte automotor de pasajeros n.c.p.'),
  (596, 113, '492210', ' Servicios de mudanza (Incluye servicios de guardamuebles)'),
  (597, 113, '492221', ' Servicio de transporte automotor de cereales'),
  (598, 113, '492229', ' Servicio de transporte automotor de mercaderías a granel n.c.p.'),
  (599, 113, '492230', ' Servicio de transporte automotor de animales'),
  (600, 113, '492240', ' Servicio de transporte por camión cisterna'),
  (601, 113, '492250', ' Servicio de transporte automotor de mercaderías y sustancias peligrosas'),
  (602, 113, '492280', ' Servicio de transporte automotor urbano de carga n.c.p. (Incluye el transporte realizado por fleteros y distribuidores dentro del égida urbano)'),
  (603, 113, '492290', ' Servicio de transporte automotor de cargas n.c.p.(Incluye servicios de transporte de carga refrigerada y transporte pesado)'),
  (604, 114, '493110', ' Servicio de transporte por oleoductos (Incluye estaciones de bombeo y compresión)'),
  (605, 114, '493120', ' Servicio de transporte por poliductos y fueloductos'),
  (606, 114, '493200', ' Servicio de transporte por gasoductos (Incluye estaciones de bombeo y compresión)'),
  (607, 115, '501100', ' Servicio de transporte marítimo de pasajeros'),
  (608, 115, '501200', ' Servicio de transporte marítimo de carga'),
  (609, 116, '502101', ' Servicio de transporte fluvial y lacustre de pasajeros'),
  (610, 116, '502200', ' Servicio de transporte fluvial y lacustre de carga'),
  (611, 117, '511000', ' Servicio de transporte aéreo de pasajeros'),
  (612, 118, '512000', ' Servicio de transporte aéreo de cargas'),
  (613, 119, '521010', ' Servicios de manipulación de carga en el ámbito terrestre'),
  (614, 119, '521020', ' Servicios de manipulación de carga en el ámbito portuario'),
  (615, 119, '521030', ' Servicios de manipulación de carga en el ámbito aéreo'),
  (616, 120, '522010', ' Servicios de almacenamiento y depósito en silos'),
  (617, 120, '522020', ' Servicios de almacenamiento y depósito en cámaras frigoríficas 522091 Servicios de usuarios directos de zona franca'),
  (618, 120, '522092', ' Servicios de gestión de depósitos fiscales'),
  (619, 120, '522099', ' Servicios de almacenamiento y depósito n.c.p.'),
  (620, 121, '523011', ' Servicios de gestión aduanera realizados por despachantes de aduana'),
  (621, 121, '523019', ' Servicios de gestión aduanera para el transporte de mercaderías n.c.p.'),
  (622, 121, '523020', ' Servicios de agencias marítimas para el transporte de mercaderías'),
  (623, 121, '523031', ' Servicios de gestión de agentes de transporte aduanero excepto agencias marítimas'),
  (624, 121, '523032', ' Servicios de operadores logísticos seguros (OLS) en el ámbito aduanero'),
  (625, 121, '523039', ' Servicios de operadores logísticos n.c.p.'),
  (626, 121, '523090', ' Servicios de gestión y logística para el transporte de mercaderías n.c.p. (Incluye las actividades de empresas empaquetadoras para comercio exterior; alquiler de contenedores; etc.)'),
  (627, 122, '524110', ' Servicios de explotación de infraestructura para el transporto terrestre, peajes y otros derechos'),
  (628, 122, '524120', ' Servicios de playas de estacionamiento y garaje.'),
  (629, 122, '524130', ' Servicios de estaciones terminales de ómnibus y ferroviarias'),
  (630, 122, '524190', ' Servicios complementarios para el transporte terrestre n.c.p. (Incluye servicios de mantenimiento de material ferroviario)'),
  (631, 122, '524210', ' Servicios de explotación de infraestructura para el transporte marítimo, derechos de puerto'),
  (632, 122, '524220', ' Servicios de guarderías náuticas'),
  (633, 122, '524230', ' Servicios para la navegación (Incluye servicios de practicaje y pilotaje, atraque y salvamento)'),
  (634, 122, '524290', ' Servicios complementarios para el transporte marítimo n.c.p. (Incluye explotación de servicios de terminales como puertos y muelles)'),
  (635, 122, '524310', ' Servicios de explotación de infraestructura para el transporte aéreo, derechos de aeropuerto'),
  (636, 122, '524320', ' Servicios de hangares y estacionamiento de aeronaves'),
  (637, 122, '524330', ' Servicios para la aeronavegación (Incluye remolque de aeronaves y actividades de control de tráfico aéreo, etc.)'),
  (638, 122, '524390', ' Servicios complementarios para el transporte aéreo n.c.p. (Incluye servicios de prevención y extinción de incendios)'),
  (639, 123, '530010', ' Servicio de correo postal (Incluye las actividades de correo postal sujetas a la obligación de servicio universal)'),
  (640, 123, '530090', ' Servicios de mensajerías. (Incluye servicios puerta a puerta de correo y mensajería, comisionistas de encomiendas, transporte de documentos realizados por empresas no sujetas a la obligación de servicio universal)'),
  (641, 124, '551010', ' Servicios de alojamiento por hora'),
  (642, 124, '551021', ' Servicios de alojamiento en pensiones'),
  (643, 124, '551022', ' Servicios de alojamiento en hoteles, hosterías y residenciales similares, excepto por hora, que incluyen servicio de restaurante al público'),
  (644, 124, '551023', ' Servicios de alojamiento en hoteles, hosterías y residenciales similares, excepto por hora, que no incluyen servicio de restaurante al público'),
  (645, 124, '551090', ' Servicios de hospedaje temporal n.c.p. (Incluye hospedaje en estancias, residencias para estudiantes y albergues juveniles, apartamentos turísticos, etc.)'),
  (646, 125, '552000', ' Servicios de alojamiento en "camping" (Incluye refugios de montaña)'),
  (647, 126, '561011', ' Servicios de restaurantes y cantinas sin espectáculo 561012 Servicios de restaurantes y cantinas con espectáculo'),
  (648, 126, '561013', ' Servicios de "fast food'''' y Inculcado ventada comidas y bebidas al paso (Incluye el expendio de hamburguesas, productos lácteos excepto helados, etc.)'),
  (649, 126, '561014', ' Servicios de expendio de bebidas en bares (Incluye: bares, cervecerías, pubs, cafeterías)'),
  (650, 126, '561019', ' Servicios de expendio de comidas y bebidas en establecimientos con servicio de mesa y/o en mostrador n.c.p.'),
  (651, 126, '561020', ' Servicios de preparación de comidas para llevar (Incluye rotiserías, casas de empanadas, pizzerías sin consumo anal local)'),
  (652, 126, '561030', ' Servicio de expendio de helados'),
  (653, 126, '561040', ' Servicios de preparación de comidas realizadas por/para vendedores ambulantes.'),
  (654, 127, '562010', ' Servicios de preparación de comidas para empresas y eventos (Incluye el servicio de catering, el suministro de comidas para banquetes, bodas, fiestas y otras celebraciones, comidas para hospital, etc.)'),
  (655, 127, '562091', ' Servicios de cantinas con atención exclusiva a los empleados o estudiantes dentro de empresas o establecimientos educativos. (Incluye cantinas deportivas)'),
  (656, 127, '562099', ' Servicios de comidas n.c.p.'),
  (657, 128, '581100', ' Edición de libros, folletos, y otras publicaciones'),
  (658, 128, '581200', ' Edición de directorios y listas de correos'),
  (659, 128, '581300', ' Edición de periódicos, revistas y publicaciones periódicas'),
  (660, 128, '581900', ' Edición n.c.p.'),
  (661, 129, '591110', ' Producción de filmes y videocintas'),
  (662, 129, '591120', ' Postproducción de filmes y videocintas 591200 Distribución de filmes y videocintas'),
  (663, 129, '591300', ' Exhibición de filmes y videocintas'),
  (664, 130, '592000', ' Servicios de grabación de sonido y edición de música'),
  (665, 131, '601000', ' Emisión y retransmisión de radio'),
  (666, 132, '602100', ' Emisión y retransmisión de televisión abierta'),
  (667, 132, '602200', ' Operadores de televisión por suscripción.'),
  (668, 132, '602310', ' Emisión de señales de televisión por suscripción'),
  (669, 132, '602320', ' Producción de programas de televisión'),
  (670, 132, '602900', ' Servicios de televisión n.c.p'),
  (671, 133, '611010', ' Servicios de locutorios'),
  (672, 133, '611090', ' Servicios de telefonía fija, excepto locutorios'),
  (673, 134, '612000', ' Servicios de telefonía móvil'),
  (674, 135, '613000', ' Servicios de telecomunicaciones vía satélite, excepto servicios de transmisión de televisión'),
  (675, 136, '614010', ' Servicios de proveedores de acceso a "Internet"'),
  (676, 136, '614090', ' Servicios de telecomunicación vía "Internet" n.c.p.'),
  (677, 137, '619000', ' Servicios de telecomunicaciones n.c.p. (Incluye el servicio de pagers)'),
  (678, 138, '620100', ' Servicios de consultores en informática y suministros de programas de informática'),
  (679, 138, '620200', ' Servicios de consultores en equipo de informática'),
  (680, 138, '620300', ' Servicios de consultores en tecnología de la información'),
  (681, 138, '620900', ' Servicios de informática n.c.p.'),
  (682, 139, '631110', ' Procesamiento de datos'),
  (683, 139, '631120', ' Hospedaje de datos'),
  (684, 139, '631190', ' Actividades conexas al procesamiento y hospedaje de datos n.c.p.'),
  (685, 139, '631200', ' Portales "web"'),
  (686, 140, '639100', ' Agencias de noticias'),
  (687, 140, '639900', ' Servicios de información n.c.p.'),
  (688, 141, '641100', ' Servicios de la banca central (Incluye las actividades del Banco Central de la República Argentina)'),
  (689, 141, '641910', ' Servicios de la banca mayorista'),
  (690, 141, '641920', ' Servicios de la banca de inversión'),
  (691, 141, '641930', ' Servicios de la banca minorista'),
  (692, 141, '641941', ' Servicios de intermediación financiera realizada por las compañías financieras'),
  (693, 141, '641942', ' Servicios de intermediación financiera realizada por sociedades de ahorro y préstamo para la vivienda y otros inmuebles'),
  (694, 141, '641943', ' Servicios de intermediación financiera realizada por cajas de crédito'),
  (695, 142, '642000', ' Servicios de sociedades de cartera'),
  (696, 143, '643001', ' Servicios de fideicomisos'),
  (697, 143, '643009', ' Fondos y sociedades de inversión y entidades financieras similares n.c.p.'),
  (698, 144, '649100', ' Arrendamiento financiero, leasing'),
  (699, 144, '649210', ' Actividades de crédito para financiar otras actividades económicas'),
  (700, 144, '649220', ' Servicios de entidades de tarjeta de compra y/o crédito'),
  (701, 144, '649290', ' Servicios de crédito n.c.p. (Incluye el otorgamiento de préstamos por entidades que no reciben depósitos y que están fuera del sistema bancario y cuyo destino es financiar el consumo, la vivienda u otros bienes)'),
  (702, 144, '649910', ' Servicios de agentes de mercado abierto "puros" (Incluye las transacciones extrabursátiles ''por cuenta propia'')'),
  (703, 144, '649991', ' Servicios de socios inversores en sociedades regulares según Ley 19.550- S.R.L., S.C.A, etc, excepto socios inversores en sociedades anónimas incluidos en 649999 - (No incluye los servicios de socios miembros que desarrollan actividades de asesoramiento,'),
  (704, 144, '649999', ' Servicios de financiación y actividades financieras n.c.p. (Incluye actividades de inversión en acciones, títulos, la actividad de corredores de bolsa, securitización, mutuales financieras, etc.) (No incluye actividades financieras relacionadas con el ot'),
  (705, 145, '651110', ' Servicios de seguros de salud (Incluye medicina prepaga y mutuales de salud))'),
  (706, 145, '651120', ' Servicios de seguros de vida (Incluye los seguros decido, retiro y sepelio)'),
  (707, 145, '651130', ' Servicios de seguros personales excepto los de salud y de vida (Incluye los seguros para viajes)'),
  (708, 145, '651210', ' Servicios de aseguradoras de riesgo de trabajo (AR1)'),
  (709, 145, '651220', ' Servicios de seguros patrimoniales excepto los de las aseguradoras de riesgo de trabajo (ART)'),
  (710, 145, '651310', ' Obras Sociales'),
  (711, 145, '651320', ' Servicios de cajas de previsión social pertenecientes a asociaciones profesionales'),
  (712, 146, '652000', ' Reaseguros'),
  (713, 147, '653000', ' Administración de fondeada pensiones, excepto la seguridad social obligatoria'),
  (714, 148, '661111', ' Servicios de mercados y cajas de valores'),
  (715, 148, '661121', ' Servicios de mercados a término'),
  (716, 148, '661131', ' Servicios de bolsas de comercio'),
  (717, 148, '661910', ' Servicios bursátiles de mediación o por cuenta de terceros (Incluye la actividad de agentes y sociedades debaten)'),
  (718, 148, '661920', ' Servicios de casas y agencias de cambio'),
  (719, 148, '661930', ' Servicios de sociedades calificadoras de riesgos financieros'),
  (720, 148, '661991', ' Servicios de envío y recepción de fondos desde y hacia el exterior'),
  (721, 148, '661992', ' Servicios de administradoras de vales y tickets 661999 Servicios auxiliares a la intermediación financiera n.c.p. (Incluye asesoría financiera)'),
  (722, 149, '662010', ' Servicios de evaluación de riesgos y daños'),
  (723, 149, '662020', ' Servicios de productores y asesores de seguros'),
  (724, 149, '662090', ' Servicios auxiliares a los servicios de seguros n.c.p.'),
  (725, 150, '663000', ' Servicios de gestión de fondona cambio de una retribución o por contrata'),
  (726, 151, '681010', ' Servicios de alquiler y explotación de inmuebles para fiestas, convenciones y otros eventos similares'),
  (727, 151, '681020', ' Servicios de alquiler de consultorios médicos'),
  (728, 151, '681098', ' Servicios inmobiliarios realizados por cuenta propia, con bienes urbanos propios o arrendados n.c.p.'),
  (729, 151, '681099', ' Servicios inmobiliarios realizados por cuenta propia, con bienes rurales propios o arrendados n.c.p.'),
  (730, 152, '682010', ' Servicios de administración de consorcios de edificios'),
  (731, 152, '682091', ' Servicios prestados por inmobiliarias'),
  (732, 152, '682099', ' Servicios inmobiliarios realizados a cambiada una retribución o por contrata n.c.p. (Incluye compra, venta, alquiler, remate, tasación, administración de bienes, etc., realizados a cambio de una retribución o por contrata, y la actividad de administrador'),
  (733, 153, '691001', ' Servicios jurídicos'),
  (734, 153, '691002', ' Servicios notariales'),
  (735, 154, '692000', ' Servicios de contabilidad, auditoria y asesoría fiscal'),
  (736, 155, '702010', ' Servicios de gerenciamiento de empresas e instituciones de salud; servicios de auditoria y medicina legal; servicio de asesoramiento farmacéutico'),
  (737, 155, '702091', ' Servicios de asesoramiento, dirección y gestión empresarial realizados por integrantes de los órganos de administración y/o fiscalización en sociedades anónimas'),
  (738, 155, '702092', ' Servicios de asesoramiento, dirección y gestión empresarial realizados por integrantes de cuerpos de dirección en sociedades excepto las anónimas'),
  (739, 155, '702099', ' Servicios de asesoramiento, dirección y gestión empresarial n.c.p.'),
  (740, 156, '711001', ' Servicios relacionados con la construcción. (Incluye los servicios prestados por ingenieros, arquitectos y técnicos)'),
  (741, 156, '711002', ' Servicios geológicos y de prospección'),
  (742, 156, '711003', ' Servicios relacionados con la electrónica y las comunicaciones'),
  (743, 156, '711009', ' Servicios de arquitectura e ingeniería y servicios conexos de asesoramiento técnico n.c.p.'),
  (744, 157, '712000', ' Ensayos y análisis técnicos (Incluye inspección técnica de vehículos, laboratorios de control de calidad, servicios de peritos calígrafos, servicios de bromatología)'),
  (745, 158, '721010', ' Investigación y desarrollo experimental en el campo de la ingeniería y la tecnología'),
  (746, 158, '721020', ' Investigación y desarrollo experimental en el campo de las ciencias médicas'),
  (747, 158, '721030', ' Investigación y desarrollo experimental en el campo de las ciencias agropecuarias'),
  (748, 158, '721090', ' Investigación y desarrollo experimental en el campo de las ciencias exactas y naturales n.c.p.'),
  (749, 159, '722010', ' Investigación y desarrollo experimental en el campo de las ciencias sociales'),
  (750, 159, '722020', ' Investigación y desarrollo experimental en el campo de las ciencias humanas'),
  (751, 160, '731001', ' Servicios de comercialización de tiempo y espacio publicitario'),
  (752, 160, '731009', ' Servicios de publicidad n.c.p.'),
  (753, 161, '732000', ' Estudio de mercado, realización de encuestas de opinión pública'),
  (754, 162, '741000', ' Servicios de diseño especializado (Incluye diseño de indumentaria, diseño gráfico, actividades de decoradores, etc.)'),
  (755, 163, '742000', ' Servicios de fotografía'),
  (756, 164, '749001', ' Servicios de traducción e interpretación'),
  (757, 164, '749002', ' Servicios de representación e intermediación de artistas y modelos'),
  (758, 164, '749003', ' Servicios de representación e intermediación de deportistas profesionales'),
  (759, 164, '749009', ' Actividades profesionales, científicas y técnicas n.c.p.'),
  (760, 165, '750000', ' Servicios veterinarios'),
  (761, 166, '771110', ' Alquiler de automóviles sin conductor'),
  (762, 166, '771190', ' Alquiler de vehículos automotores n.c.p., sin conductor ni operarios (Incluye: camiones, remolques, etc.)'),
  (763, 166, '771210', ' Alquiler de equipo do transporto por vía acuática, sin operarios ni tripulación'),
  (764, 166, '771220', ' Alquiler de equipo de transporte para vía aérea, sin operarios ni tripulación'),
  (765, 166, '771290', ' Alquiler de equipo de transporte n.c.p. sin conductor ni operarios (Incluye: equipo ferroviario, motocicletas)'),
  (766, 167, '772010', ' Alquiler de videos y video juegos (Incluye la actividad de los videoclubes)'),
  (767, 167, '772091', ' Alquiler de prendas de vestir'),
  (768, 167, '772099', ' Alquiler de efectos personales y enseres domésticos n.c.p. (Incluye alquiler de artículos deportivos)'),
  (769, 168, '773010', ' Alquiler de maquinaria y equipo agropecuario y forestal, sin operarios'),
  (770, 168, '773020', ' Alquiler de maquinaria y equipo para la minería, sin operarios'),
  (771, 168, '773030', ' Alquiler de maquinaria y equipo de construcción e ingeniería civil, sin operarios (Incluye el alquiler de andamios sin montaje ni desmantelamiento)'),
  (772, 168, '773040', ' Alquiler de maquinaria y equipo de oficina, incluso computadoras'),
  (773, 168, '773090', ' Alquiler de maquinaria y equipo n.c.p., sin personal'),
  (774, 169, '774000', ' Arrendamiento y gestión de bienes intangibles no financieros'),
  (775, 170, '780000', ' Obtención y dotación de personal (Incluye las actividades vinculadas con la búsqueda, selección y colocación de personal, la actividad de casting de actores, etc.)'),
  (776, 171, '791100', ' Servicios minoristas de agencias de viajes'),
  (777, 171, '791200', ' Servicios mayoristas de agencias de viajes'),
  (778, 171, '791901', ' Servicios de turismo aventura'),
  (779, 171, '791909', ' Servicios complementarios de apoyo turístico n.c.p.'),
  (780, 172, '801010', ' Servicios de transporte de caudales y objetos de valor'),
  (781, 172, '801020', ' Servicios de sistemas de seguridad'),
  (782, 172, '801090', ' Servicios de seguridad e investigación n.c.p.'),
  (783, 173, '811000', ' Servicio combinado de apoyo a edificios'),
  (784, 174, '812010', ' Servicios de limpieza general de edificios'),
  (785, 174, '812020', ' Servicios de desinfección y exterminio de plagas en el ámbito urbano'),
  (786, 174, '812090', ' Servicios de limpieza n.c.p.'),
  (787, 175, '813000', ' Servicios de jardinería y mantenimiento de espacios verdes'),
  (788, 176, '821100', ' Servicios combinados de gestión administrativa de oficinas'),
  (789, 176, '821900', ' Servicios de fotocopiado, preparación de documentos y otros servicios de apoyo de oficina'),
  (790, 177, '822113', '0 Servicios de ''''call center"'),
  (791, 178, '823000', ' Servicios de organización de convenciones y exposiciones comerciales, excepto culturales y deportivos'),
  (792, 179, '829100', ' Servicios de agencias de cobro y calificación crediticia'),
  (793, 179, '829200', ' Servicios de envase y empaque'),
  (794, 179, '829900', ' Servicios empresariales n.c.p.'),
  (795, 180, '841100', ' Servicios generales de la Administración Pública (Incluye el desempeño de funciones ejecutivas y legislativas de administración por parte de las entidades dato administración central, regional y local; la administración y supervisión de asuntos fiscales;'),
  (796, 180, '841200', ' Servicios para la regulación de las actividades sanitarias, educativas, culturales, y restantes servicios sociales, excepto seguridad social obligatoria (Incluye la gestión administrativa de programas destinados a mejorar el bienestar de los ciudadanos)'),
  (797, 180, '841300', ' Servicios para la regulación de la actividad económica (Incluye la administración pública y la regulación de varios sectores económicos; la gestión administrativa de actividades de carácter laboral; La aplicación de políticas de desarrollo regional)'),
  (798, 180, '841900', ' Servicios auxiliares para los servicios generales dala Administración Pública (Incluye las actividades de servicios generales y de personal; la administración, dirección y apoyo de servicios generales, compras y suministros, etc.)'),
  (799, 181, '842100', ' Servicios de asuntos exteriores'),
  (800, 181, '842200', ' Servicios de defensa'),
  (801, 181, '842300', ' Servicios para el orden público y la seguridad'),
  (802, 181, '842400', ' Servicios de justicia'),
  (803, 181, '842500', ' Servicios de protección civil'),
  (804, 182, '843000', ' Servicios de la seguridad social obligatoria, excepto obras sociales (Incluye PAMI y ANSES)'),
  (805, 183, '851010', ' Guarderías y jardines maternales'),
  (806, 183, '851020', ' Enseñanza inicial, jardín de infantes y primaria'),
  (807, 184, '852100', ' Enseñanza secundaria de formación general'),
  (808, 184, '852200', ' Enseñanza secundaria de formación técnica y profesional'),
  (809, 185, '853100', ' Enseñanza terciaria'),
  (810, 185, '853201', ' Enseñanza universitaria excepto formación de postrado'),
  (811, 185, '853300', ' Formación de postrado'),
  (812, 186, '854910', ' Enseñanza de idiomas'),
  (813, 186, '854920', ' Enseñanza de cursos relacionados con informática'),
  (814, 186, '854930', ' Enseñanza para adultos, excepto discapacitados'),
  (815, 186, '854940', ' Enseñanza especial y para discapacitados'),
  (816, 186, '854950', ' Enseñanza de gimnasia, deportes y actividades físicas'),
  (817, 186, '854960', ' Enseñanza artística'),
  (818, 186, '854990', ' Servicios de enseñanza n.c.p. (Incluye instrucción impartida mediante programas de medio, televisión, correspondencia y otros medios de comunicación, escuelas da manejo, actividades de enseñanza a domicilio y/o particulares, ato.)'),
  (819, 187, '855000', ' Servicios de apoyo a la educación'),
  (820, 188, '861010', ' Servicios de internación excepto instituciones relacionadas con la salud mental'),
  (821, 188, '861020', ' Servicios de internación en instituciones relacionadas con la salud mental'),
  (822, 189, '862110', ' Servicios de consulta médica (Incluye las actividades de establecimientos sin internación o cuyos servicios se desarrollen en unidades independientes a las de internación: consultorios médicos, servicios de medicina laboral)'),
  (823, 189, '862120', ' Servicios de proveedores de atención médica domiciliaria (Incluye las actividades llevadas a cabo en domicilios de pacientes con alta precoz, y que ofrecen atención por módulo)'),
  (824, 189, '862130', ' Servicios de atención médica en dispensarios, salitas, vacunatorios y otros locales de atención primaria de la salud'),
  (825, 189, '862200', ' Servicios odontológicos'),
  (826, 190, '863110', ' Servicios de prácticas de diagnóstico en laboratorios (Incluye análisis clínicos, bioquímica, anatomía patológica, laboratorio hematológico, etc.)'),
  (827, 190, '863120', ' Servicios de prácticas de diagnóstico por imágenes'),
  (828, 190, '863190', ' Servicios de prácticas de diagnóstico n.c.p. (Incluye radiología, ecografía, resonancia magnética, etc.)'),
  (829, 190, '863200', ' Servicios de tratamiento (Incluye hemodiálisis, cobaltoterapia, etc)'),
  (830, 190, '863300', ' Servicio médico integrado de consulta, diagnóstico y tratamiento'),
  (831, 191, '864000', ' Servicios de emergencias y traslados'),
  (832, 192, '869010', ' Servicios de rehabilitación física (Incluye actividades de profesionales excepto médicos: kinesiólogos, fisiatras, etc.)'),
  (833, 192, '869090', ' Servicios relacionados con la salud humana n.c.p. (Incluye servicios de psicólogos, fonoaudiólogos, servicios de enfermería, terapia ocupacional, bancos de sangre, de semen, etc.)'),
  (834, 193, '870100', ' Servicios de atención a personas con problemas de salud mental o de adicciones, con alojamiento'),
  (835, 193, '870210', ' Servicios de atención asociares con alojamiento'),
  (836, 193, '870220', ' Servicios de atención apersonas minusválidas con alojamiento'),
  (837, 193, '870910', ' Servicios de atención aniñas y adolescentes carenciados con alojamiento'),
  (838, 193, '870920', ' Servicios de atención a mujeres con alojamiento'),
  (839, 193, '870990', ' Servicios sociales con alojamiento n.c.p.'),
  (840, 194, '880000', ' Servicios sociales sin alojamiento'),
  (841, 195, '900011', ' Producción de espectáculos teatrales y musicales'),
  (842, 195, '900021', ' Composición y representación de obras teatrales, musicales y artísticas (Incluyes compositores, actores, músicos, conferencistas, pintores, artistas plásticos etc.)'),
  (843, 195, '900030', ' Servicios cerezos a la producción de espectáculos teatrales y musicales (Incluye diseño y manejo de estenografía, montaje de iluminación y sonido, etc.)'),
  (844, 195, '900040', ' Servicios de agencias de ventas de entradas'),
  (845, 195, '900091', ' Servicios de espectáculos artísticos n.c.p. (Incluye espectáculos circenses, de títeres, mimos, etc.)'),
  (846, 196, '910100', ' Servicios de bibliotecas y archivos'),
  (847, 196, '910200', ' Servicios de museos y preservación de lugares y edificios históricos'),
  (848, 196, '910300', ' Servicios de jardines botánicos, zoológicos y de parques nacionales'),
  (849, 196, '910900', ' Servicios culturales n.c.p. (Incluye actividades sociales, culturales, recreativas y de interés local desarrollado por centros vecinales, barrial., sociedades de fomento, clubes no deportivos, etc.)'),
  (850, 197, '920001', ' Servicios de recepción de apuestas de quiniela, lotería y similares'),
  (851, 197, '920009', ' Servicios relacionados con juegos de azar y apuestas n.c.p.'),
  (852, 198, '931010', ' Servicios de organización, dirección y gestión de prácticas deportivas en clubes (Incluye clubes de fútbol, golf, tiro, boxeo, etc.)'),
  (853, 198, '931020', ' Explotación de instalaciones deportivas, excepto clubes'),
  (854, 198, '931030', ' Promoción y producción de espectáculos deportivos'),
  (855, 198, '931041', ' Servicios prestados por deportistas y atletas para la realización da prácticas deportivas'),
  (856, 198, '931042', ' Servicios prestados por profesionales y técnicos para la realización de prácticas deportivas (Incluye la actividad realizada por entrenadores, instructores, jueces árbitros, cronometradores, etc.)'),
  (857, 198, '931050', ' Servicios de acondicionamiento físico (Incluye gimnasios de musculación, pilates, yoga, personal trainner, etc.)'),
  (858, 198, '931090', ' Servicios para la práctica deportiva n.c.p.'),
  (859, 199, '939010', ' Servicios de parques de diversiones y parques temáticos'),
  (860, 199, '939020', ' Servicios de salones de juegos (Incluye salones de billar, pool, bowling, juegos electrónicos, etc.)'),
  (861, 199, '939030', ' Servicios de salones de baile, discotecas y similares'),
  (862, 199, '939095', ' Servicios de entretenimiento n.c.p.'),
  (863, 200, '941100', ' Servicios de organizaciones empresariales y de empleadores'),
  (864, 200, '941200', ' Servicios de organizaciones profesionales'),
  (865, 201, '942000', ' Servicios de sindicatos'),
  (866, 202, '949100', ' Servicios de organizaciones religiosas'),
  (867, 202, '949200', ' Servicios de organización. políticas'),
  (868, 202, '949910', ' Servicios de mutuales, excepto mutuales desalad y financieras'),
  (869, 202, '949920', ' Servicios de consorcios de edificios'),
  (870, 202, '949930', ' Servicios de cooperativas cuando realizan varias actividades'),
  (871, 202, '949990', ' Servicios de asociaciones n.c.p.'),
  (872, 203, '951100', ' Reparación y mantenimiento de equipos informáticos'),
  (873, 203, '951200', ' Reparación y mantenimiento de equipos de telefonía y de comunicación'),
  (874, 204, '952100', ' Reparación de artículos eléctricos y electrónicos de uso doméstico (Incluye TV, radios, reproductores cd''s y dvd''s, cámaras de video de usa familiar, heladeras, lavarropas, secarropas, aire acondicionado de menos de 6000 frigorías)'),
  (875, 204, '952200', ' Reparación de calzado y artículos de marroquinería'),
  (876, 204, '952300', ' Reparación de tapizados y muebles (Incluye la restauración de muebles)'),
  (877, 204, '952910', ' Reforma y reparación de cerraduras, duplicación de llaves. Cerrajerías'),
  (878, 204, '952920', ' Reparación de relojes y joyas. Relojerías'),
  (879, 204, '952990', ' Reparación de efectos personales y enseres domésticos n.c.p. (Incluye la actividad de arregles de prendas realizadas por modistas) (No incluye la actividad de sastres y modistas que confeccionan prendas: grupo 141)'),
  (880, 205, '960101', ' Servicios de limpieza de prendas prestado por tintorerías rápidas'),
  (881, 205, '960102', ' Lavado y limpieza de artículos de tela, cuero y/o de piel, incluso la limpieza en seco'),
  (882, 205, '960201', ' Servicios de peluquería'),
  (883, 205, '960202', ' Servicios de tratamiento de belleza, encepen los de peluquería'),
  (884, 205, '960300', ' Pompas fúnebres y servicios cerezos'),
  (885, 205, '960910',
   ' Servicios de centros de estética, spa y similares (Incluye baños turcos, saunas, solarios, centros de masajes y adelgazamiento, etc.)'),
  (886, 205, '960990',
   ' Servicios personales n.c.p. (Incluye actividades de astrología y espiritismo, las realizadas con fines sociales como agencias matrimoniales, de investigaciones genealógicas, de contratación de acompañantes, la actividad de lustrabotas, acomoda dores de a'),
  (887, 206, '970000', ' Servicios de hogares privados que contratan servicio doméstico'),
  (888, 207, '990000', ' Servicios de organizaciones y órganos extraterritoriales');